P2O5 (wt%) Ouzel,P2O5 (wt%) Isua,P2O5 (wt%) Kaapvaal,P2O5 (wt%) Pilbara
0.04941604,,,
0.030024866,,,
0.016217283,,,
0.011963548,,,
0.060613829,,,
0.043938396,,,
0.026849771,,,
0.093726346,,,
0.1196485,,,
0.086306885,,,
0.024254494,,,
0.030102839,,,
0.041379658,,,
0.010771348,,,
0.062581322,,,
0.112293784,,,
0.059779189,,,
0.046191345,,,
0.06997598,,,
0.016396713,,,
0.118063444,,,
0.112831623,,,
0.012666147,,,
0.258535756,,,
0.113306467,,,
0.039936674,,,
0.06749568,,,
0.061339195,,,
0.06008154,,,
0.079266076,,,
0.061175564,,,
0.123976004,,,
0.082162682,,,
0.026249999,,,
0.080056496,,,
0.007487963,,,
0.031344673,,,
0.057198275,,,
0.009424488,,,
0.052726878,,,
0.132136545,,,
0.04440445,,,
0.063899346,,,
0.193358231,,,
0.104190336,,,
0.185619467,,,
0.207985898,,,
0.163554355,,,
0.141316778,,,
0.206648943,,,
0.231178181,,,
0.142651998,,,
0.122737272,,,
0.149900279,,,
0.109459928,,,
0.136789822,,,
0.1476215,,,
0.051368812,,,
0.034742362,,,
0.066859296,,,
0.084578541,,,
0.002161638,,,
0.09132559,,,
0.053376289,,,
0.030012779,,,
0.020034241,,,
0.020596986,,,
0.031231221,,,
0.074322688,,,
0.091217995,,,
0.123025176,,,
0.056826764,,,
0.046110345,,,
0.111007993,,,
0.161924815,,,
0.043300465,,,
0.015449695,,,
0.142088593,,,
0.083432062,,,
0.030237885,,,
0.102908777,,,
0.074854555,,,
0.048565991,,,
0.039211137,,,
0.092623045,,,
0.026425761,,,
0.048780275,,,
0.038385195,,,
0.041383341,,,
0.089283672,,,
0.060446675,,,
0.078339877,,,
0.008899887,,,
0.011982345,,,
0.001309063,,,
0.065969259,,,
0.109636942,,,
0.046510838,,,
0.150135034,,,
0.041800718,,,
0.047463214,,,
0.043819311,,,
0.016290876,,,
0.028379841,,,
0.029050093,,,
0.056167588,,,
0.077373967,,,
0.036665707,,,
0.128367508,,,
0.073476771,,,
0.031650474,,,
0.056784058,,,
0.016245385,,,
0.009030266,,,
0.065659955,,,
0.080433769,,,
0.056332346,,,
0.034236292,,,
0.014366473,,,
0.021319693,,,
0.196308301,,,
0.104684172,,,
0.113521276,,,
0.093827962,,,
0.124741659,,,
0.022920845,,,
0.104930603,,,
0.081876453,,,
0.023102815,,,
0.126831562,,,
0.03894142,,,
0.061452426,,,
0.066384426,,,
0.051010426,,,
0.052541606,,,
0.031378677,,,
0.031236307,,,
0.050805402,,,
0.167391227,,,
0.238368647,,,
0.142768274,,,
0.18780192,,,
0.087979627,,,
0.068633521,,,
0.189840567,,,
0.226046922,,,
0.235718001,,,
0.135578001,,,
0.219554589,,,
0.278572819,,,
0.304830506,,,
0.1357962,,,
0.333292782,,,
0.344360463,,,
0.224065458,,,
0.235132975,,,
0.223050711,,,
0.106313502,,,
0.052870984,,,
0.031225128,,,
0.033687982,,,
0.019140548,,,
0.038755999,,,
0.085166789,,,
0.071588926,,,
0.099581986,,,
0.01122165,,,
0.011317035,,,
0.05682399,,,
0.095893305,,,
0.10132763,,,
0.105051157,,,
0.102038978,,,
0.050187108,,,
0.044180641,,,
0.088516906,,,
0.08261295,,,
0.017767411,,,
0.032490916,,,
0.103672815,,,
0.071694418,,,
0.207839892,,,
0.076429238,,,
0.034050212,,,
0.073843745,,,
0.132946867,,,
0.125631919,,,
0.133924147,,,
0.063170961,,,
0.051437977,,,
0.026421651,,,
0.031430848,,,
0.052020308,,,
0.04204651,,,
0.086536436,,,
0.047520679,,,
0.058500031,,,
0.07131649,,,
0.068525965,,,
0.014605191,,,
0.089007049,,,
0.035820076,,,
0.019545744,,,
0.014595749,,,
0.110413663,,,
0.469851618,,,
2.720545902,,,
0.621381135,,,
0.048294355,,,
0.143880995,,,
0.035521702,,,
0.040537031,,,
0.068655295,,,
0.02778775,,,
0.019207522,,,
0.010533709,,,
0.096851469,,,
0.019999123,,,
0.029343753,,,
0.04881898,,,
0.056239226,,,
0.018587596,,,
0.015176042,,,
0.050315177,,,
0.061425286,,,
0.008768278,,,
0.159683462,,,
0.087209829,,,
0.053894981,,,
0.087556339,,,
0.102526042,,,
0.045704254,,,
0.207264021,,,
0.242948943,,,
0.206930191,,,
0.31238827,,,
0.252975408,,,
0.220792541,,,
0.190410631,,,
0.0014,,,
0.116018799,,,
0.165710208,,,
0.112849302,,,
0.208534094,,,
0.280638221,,,
0.213981927,,,
0.189322967,,,
0.148894848,,,
0.032518376,,,
0.073479984,,,
0.042444926,,,
0.037559734,,,
0.036486541,,,
0.04137774,,,
0.126450131,,,
0.09637265,,,
0.045181716,,,
0.046850426,,,
0.023489216,,,
0.025135341,,,
0.053236593,,,
0.008139542,,,
0.00570383,,,
0.031143735,,,
0.05134361,,,
0.09425156,,,
0.014064236,,,
0.241936677,,,
0.424047916,,,
0.015493432,,,
0.027232813,,,
0.005969788,,,
0.02751958,,,
0.015701387,,,
0.091235159,,,
0.079819805,,,
0.075292568,,,
0.102396495,,,
1.262630119,,,
0.979618082,,,
0.130846531,,,
0.052531872,,,
0.033618015,,,
0.010923671,,,
0.005295853,,,
0.060422643,,,
0.042335597,,,
0.108395202,,,
0.133558451,,,
0.023586433,,,
0.111881812,,,
0.081397908,,,
0.030749001,,,
0.058918878,,,
0.029834635,,,
0.024476018,,,
0.01358445,,,
0.083520542,,,
0.009850798,,,
0.057021485,,,
0.089383949,,,
0.048554537,,,
0.065863059,,,
0.071547278,,,
0.021385119,,,
0.055282478,,,
0.055918478,,,
0.077213014,,,
0.090303877,,,
0.044481046,,,
0.11446121,,,
0.074443608,,,
0.063593809,,,
0.026099095,,,
0.105176836,,,
0.027027662,,,
0.071566318,,,
0.104358991,,,
0.028975152,,,
0.104190922,,,
0.120341364,,,
0.043630581,,,
0.014240042,,,
0.01045,,,
0.048589131,,,
0.020386946,,,
0.11553621,,,
0.093277236,,,
0.009098066,,,
0.01941954,,,
0.044956283,,,
0.034289315,,,
0.045995878,,,
0.047300317,,,
0.176872105,,,
0.246059775,,,
0.232749999,,,
0.157414057,,,
0.084319824,,,
0.107862411,,,
0.187611239,,,
0.129086515,,,
0.298330097,,,
0.219590736,,,
0.083800003,,,
0.098428254,,,
0.236327381,,,
0.219386297,,,
0.226618065,,,
0.200244679,,,
0.083564922,,,
0.042356219,,,
0.027646388,,,
0.010194712,,,
0.017552637,,,
0.008239516,,,
0.095335581,,,
0.087985395,,,
0.018401973,,,
0.049183516,,,
0.122965861,,,
0.007459396,,,
0.129134568,,,
0.163130345,,,
0.069882122,,,
0.069702584,,,
0.009841371,,,
0.058494162,,,
0.07721478,,,
0.078247554,,,
0.074230478,,,
0.091549696,,,
0.084868686,,,
0.033491458,,,
0.028585711,,,
0.080186463,,,
0.117948278,,,
0.029874877,,,
0.027879521,,,
0.018893911,,,
0.028029987,,,
0.053965547,,,
0.04284332,,,
0.022481764,,,
0.022098518,,,
0.0445,,,
0.05456774,,,
0.017063139,,,
0.020169549,,,
0.010583958,,,
0.050726353,,,
0.039659678,,,
0.023785471,,,
0.050253748,,,
0.050713424,,,
0.027186591,,,
0.059072151,,,
0.033524615,,,
0.021102818,,,
0.106307031,,,
0.02304938,,,
0.012404859,,,
0.05541527,,,
0.004092891,,,
0.034849984,,,
0.025313148,,,
0.055560483,,,
0.04730052,,,
0.007102482,,,
0.068615228,,,
0.060797662,,,
0.073976067,,,
0.015222763,,,
0.062914407,,,
0.019451767,,,
0.082379448,,,
0.004952258,,,
0.040488526,,,
0.093591438,,,
0.113508274,,,
0.218075,,,
0.119225691,,,
0.093616793,,,
0.114292431,,,
0.068048286,,,
0.06361954,,,
0.028560341,,,
0.063752461,,,
0.023995356,,,
0.017477204,,,
0.083402687,,,
0.03196665,,,
0.118987733,,,
0.046497605,,,
0.079256153,,,
0.122166203,,,
0.042160278,,,
0.032498173,,,
0.133639175,,,
0.146946557,,,
0.213640819,,,
0.030905905,,,
0.101560131,,,
0.16415437,,,
0.297614076,,,
0.262645761,,,
0.225150004,,,
0.205680668,,,
0.227000006,,,
0.18223391,,,
0.185703429,,,
0.064798751,,,
0.075940291,,,
0.081111027,,,
0.0910838,,,
0.090645486,,,
0.025657202,,,
0.005438667,,,
0.071820577,,,
0.010509423,,,
0.102475016,,,
0.18337781,,,
0.047718831,,,
0.00869299,,,
0.088527394,,,
0.116331494,,,
0.00250029,,,
0.122453455,,,
0.135602622,,,
0.096791487,,,
0.009259078,,,
0.033901244,,,
0.061787254,,,
0.108741316,,,
0.079317383,,,
0.090727414,,,
0.06595935,,,
0.083209223,,,
0.077146016,,,
0.020548963,,,
0.018537053,,,
0.018702013,,,
0.028513622,,,
0.096273037,,,
0.074814357,,,
0.08451465,,,
0.023629375,,,
0.001289344,,,
0.052454364,,,
0.033941662,,,
0.015856164,,,
0.025550971,,,
0.039198258,,,
0.067729458,,,
0.096476054,,,
0.098128798,,,
0.072591746,,,
0.137245564,,,
0.029643231,,,
0.03548105,,,
0.004228263,,,
0.036202415,,,
0.033197471,,,
0.007585391,,,
0.026819059,,,
0.063453554,,,
0.02297067,,,
0.035746004,,,
0.098220708,,,
0.100371436,,,
0.068898561,,,
0.049573012,,,
0.055172828,,,
0.00215954,,,
0.015161194,,,
0.121058179,,,
0.221093683,,,
0.173831975,,,
0.181203603,,,
0.153336226,,,
0.1215198,,,
0.109059036,,,
0.013559317,,,
0.003691667,,,
0.075188444,,,
0.109496469,,,
0.013425701,,,
0.064302237,,,
0.014149642,,,
0.15640546,,,
0.068370164,,,
0.089762844,,,
0.048856475,,,
0.037943653,,,
0.090390219,,,
0.146703354,,,
0.217340399,,,
0.28586696,,,
0.347512715,,,
0.166538662,,,
0.236284049,,,
0.063846104,,,
0.233402076,,,
0.213945294,,,
0.275892594,,,
0.163118673,,,
0.146228346,,,
0.085049998,,,
0.072488116,,,
0.031341411,,,
0.016491674,,,
0.111186402,,,
0.145694751,,,
0.093743278,,,
0.063483056,,,
0.044870518,,,
0.024879062,,,
0.045855107,,,
0.061149307,,,
0.161846623,,,
0.164812781,,,
0.056864524,,,
0.108375196,,,
0.123267093,,,
0.083502541,,,
0.052090063,,,
0.0138033,,,
0.050677776,,,
0.051985262,,,
0.180056035,,,
0.059282882,,,
0.071012791,,,
0.079433131,,,
0.11083642,,,
0.019720307,,,
0.023431461,,,
0.057836552,,,
0.005037819,,,
0.006,,,
0.00937867,,,
0.018805727,,,
0.014891148,,,
0.053948062,,,
0.025143699,,,
0.201545355,,,
0.178041347,,,
0.006902996,,,
0.0113,,,
0.235983855,,,
0.119878273,,,
0.090694202,,,
0.088500748,,,
0.045026129,,,
0.022364378,,,
0.071292605,,,
0.026423332,,,
0.045141979,,,
0.007053109,,,
0.027221471,,,
0.079155075,,,
0.085072048,,,
0.07686159,,,
0.059485143,,,
0.016027877,,,
0.090558668,,,
0.016932855,,,
0.043508331,,,
0.117248151,,,
0.020342992,,,
0.072833645,,,
0.009344045,,,
0.037723502,,,
0.023235775,,,
0.107607041,,,
0.073208415,,,
0.17813397,,,
0.176820767,,,
0.016817814,,,
0.032887213,,,
0.076291438,,,
0.060944659,,,
0.124457024,,,
0.032474675,,,
0.055608814,,,
0.085674719,,,
0.089228061,,,
0.055552171,,,
0.066091253,,,
0.0854,,,
0.013039906,,,
0.028089963,,,
0.071185033,,,
0.181021058,,,
0.160203715,,,
0.10011923,,,
0.22262794,,,
0.215164773,,,
0.138575577,,,
0.124725129,,,
0.13649068,,,
0.029185798,,,
0.020843637,,,
0.06049788,,,
0.086414247,,,
0.064186234,,,
0.06373499,,,
0.079177144,,,
0.098809434,,,
0.118251438,,,
0.109135785,,,
0.01376078,,,
0.091963771,,,
0.069417893,,,
0.03045181,,,
0.142425671,,,
0.208930583,,,
0.093622899,,,
0.053359234,,,
0.000743975,,,
0.046034928,,,
0.034808479,,,
0.105787923,,,
0.160642682,,,
0.017353218,,,
0.021743446,,,
0.020176436,,,
0.073878418,,,
0.07884355,,,
0.022531012,,,
0.092996466,,,
0.140913682,,,
0.050933197,,,
0.070852159,,,
0.054829543,,,
0.046069279,,,
0.052771156,,,
0.097210917,,,
0.080680111,,,
0.004354221,,,
0.038745827,,,
0.083486633,,,
0.095839196,,,
0.153582837,,,
0.21097998,,,
0.073934394,,,
0.108181252,,,
0.01410674,,,
0.09868372,,,
0.04754381,,,
0.008593898,,,
0.090986318,,,
0.01868638,,,
0.128450292,,,
0.092133394,,,
0.064914986,,,
0.076595975,,,
0.01092608,,,
0.09466921,,,
0.084730776,,,
0.045729711,,,
0.078254291,,,
0.074730268,,,
0.096175524,,,
0.137224248,,,
0.064719168,,,
0.114955201,,,
0.068047951,,,
0.022583823,,,
0.077805298,,,
0.028024355,,,
0.10253452,,,
0.014990727,,,
0.092978542,,,
0.128732501,,,
0.112543771,,,
0.076360684,,,
0.048885132,,,
0.063299495,,,
0.072595312,,,
0.012731448,,,
0.016332107,,,
0.14343933,,,
0.100927709,,,
0.119283712,,,
0.104702938,,,
0.088167319,,,
0.077784347,,,
0.01907703,,,
0.107143627,,,
0.118465596,,,
0.083898567,,,
0.11577384,,,
0.040332345,,,
0.067895222,,,
0.083596208,,,
0.044535914,,,
0.150413889,,,
0.115734525,,,
0.094559876,,,
0.192979021,,,
0.126984065,,,
0.146094377,,,
0.080264879,,,
0.052843222,,,
0.103812203,,,
0.016121203,,,
0.148173564,,,
0.139919231,,,
0.085435917,,,
0.039157061,,,
0.127561598,,,
0.183990954,,,
0.474181622,,,
0.320225053,,,
0.00722851,,,
0.054193028,,,
0.120353349,,,
0.012894186,,,
0.067215166,,,
0.06999929,,,
0.132240395,,,
0.185828586,,,
0.127783886,,,
0.071932655,,,
0.123312303,,,
0.186854464,,,
0.071607842,,,
0.032737171,,,
0.14005344,,,
0.040791539,,,
0.027582275,,,
0.028880059,,,
0.153263889,,,
0.10672208,,,
0.01321745,,,
0.048001036,,,
0.057755976,,,
0.049208063,,,
0.051911254,,,
0.006519574,,,
0.11086408,,,
0.059762716,,,
0.034116972,,,
0.019256713,,,
0.129039383,,,
0.046520325,,,
0.059982184,,,
0.059155765,,,
0.114096132,,,
0.013351443,,,
0.163893086,,,
0.048598761,,,
0.037322237,,,
0.016803178,,,
0.024781614,,,
0.031066115,,,
0.004760061,,,
0.059248314,,,
0.045353278,,,
0.011196354,,,
0.003968074,,,
0.122809053,,,
0.150304144,,,
0.074495804,,,
0.097838479,,,
0.052290777,,,
0.129561877,,,
0.067536158,,,
0.13220217,,,
0.138012565,,,
0.066845729,,,
0.035516436,,,
0.018437248,,,
0.055632959,,,
0.067067992,,,
0.043873817,,,
0.141894054,,,
0.110681095,,,
0.051607394,,,
0.061807692,,,
0.214246627,,,
0.451109803,,,
0.393793866,,,
0.146005845,,,
0.005147243,,,
0.079760777,,,
0.029409333,,,
0.116818284,,,
0.139904702,,,
0.062185246,,,
0.107031753,,,
0.144591012,,,
0.153009291,,,
0.091724822,,,
0.016672955,,,
0.029906445,,,
0.10160363,,,
0.093037576,,,
0.138123472,,,
0.059153353,,,
0.164541827,,,
0.118394312,,,
0.165889228,,,
0.05912444,,,
0.101717089,,,
0.178780953,,,
0.008316367,,,
0.01203193,,,
0.077287449,,,
0.003583652,,,
0.005297651,,,
0.049566031,,,
0.033858613,,,
0.180952874,,,
0.11337905,,,
0.210119199,,,
0.063976971,,,
0.124082728,,,
0.134513312,,,
0.157093639,,,
0.134056381,,,
0.061069894,,,
0.014641219,,,
0.021280315,,,
0.183265134,,,
0.156342506,,,
0.178974747,,,
0.257997618,,,
0.195647399,,,
0.102339775,,,
0.202304775,,,
0.194185603,,,
0.07679399,,,
0.060418914,,,
0.071054959,,,
0.008639279,,,
0.072100116,,,
0.027546157,,,
0.077434176,,,
0.034411246,,,
0.060151099,,,
0.104366198,,,
0.11114648,,,
0.078539896,,,
0.104789204,,,
0.130798716,,,
0.088104791,,,
0.014470853,,,
0.00245066,,,
0.16406069,,,
0.096061031,,,
0.106179945,,,
0.042628959,,,
0.032997823,,,
0.05053814,,,
0.030316991,,,
0.025650457,,,
0.027047789,,,
0.009964024,,,
0.011271566,,,
0.012425257,,,
0.035525399,,,
0.159750182,,,
0.120229358,,,
0.085582237,,,
0.040823856,,,
0.12191847,,,
0.171689722,,,
0.09761105,,,
0.016259641,,,
0.178537935,,,
0.078883945,,,
0.102361444,,,
0.121300268,,,
0.158004507,,,
0.086830303,,,
0.070622625,,,
0.108456916,,,
0.05522881,,,
0.089059299,,,
0.059023342,,,
0.064559411,,,
0.055103138,,,
0.065624342,,,
0.005216752,,,
0.014026248,,,
0.133752979,,,
0.040355344,,,
0.03769555,,,
0.152393551,,,
0.023274737,,,
0.067258153,,,
0.043270859,,,
0.102287056,,,
0.12730568,,,
0.210826051,,,
0.137115496,,,
0.07427583,,,
0.174457046,,,
0.090248861,,,
0.073028978,,,
0.103841961,,,
0.00268292,,,
0.015539179,,,
0.031545675,,,
0.039499604,,,
0.021668651,,,
0.037225781,,,
0.098851088,,,
0.062167896,,,
0.013295552,,,
0.022115426,,,
0.065014512,,,
0.041539788,,,
0.179462678,,,
0.007333426,,,
0.157389075,,,
0.185476286,,,
0.111826749,,,
0.060572392,,,
0.026005269,,,
0.018828335,,,
0.085364574,,,
0.221858677,,,
0.103754691,,,
0.139170869,,,
0.040018449,,,
0.047334885,,,
0.029012023,,,
0.053419115,,,
0.061858904,,,
0.323567743,,,
0.398224187,,,
0.101177225,,,
0.12548348,,,
0.074591179,,,
0.043537169,,,
0.070359198,,,
0.052782134,,,
0.024253773,,,
0.090865699,,,
0.048166475,,,
0.092789636,,,
0.016052274,,,
0.048167119,,,
0.078374231,,,
0.033421889,,,
0.075366215,,,
0.040356618,,,
0.072304376,,,
0.073384988,,,
0.042845676,,,
0.044080768,,,
0.141017148,,,
0.082930535,,,
0.087785256,,,
0.027542178,,,
0.052584199,,,
0.152006336,,,
0.129169283,,,
0.492268745,,,
0.539879743,,,
0.115618139,,,
0.044316382,,,
0.174571947,,,
0.133775019,,,
0.067245116,,,
0.165969277,,,
0.116736113,,,
0.13476448,,,
0.094406061,,,
0.156665526,,,
0.049193229,,,
0.037245878,,,
0.136838852,,,
0.043982367,,,
0.041614967,,,
0.019781975,,,
0.022019691,,,
0.01619254,,,
0.023457527,,,
0.096074635,,,
0.032323291,,,
0.044726254,,,
0.044464937,,,
0.001247158,,,
0.044117738,,,
0.057825265,,,
0.01311104,,,
0.110429991,,,
0.068896488,,,
0.156511422,,,
0.1041401,,,
0.096940872,,,
0.03822756,,,
0.098360046,,,
0.071887132,,,
0.040080969,,,
0.138991791,,,
0.243432971,,,
0.117842187,,,
0.060567794,,,
0.073857126,,,
0.185053593,,,
0.265281472,,,
0.084808076,,,
0.024144122,,,
0.080563532,,,
0.054482348,,,
0.021743513,,,
0.141023899,,,
0.007759534,,,
0.073562886,,,
0.03955,,,
0.024570793,,,
0.015559767,,,
0.030294397,,,
0.083339968,,,
0.083022424,,,
0.069884769,,,
0.053287842,,,
0.053829237,,,
0.137790862,,,
0.060964553,,,
0.051344286,,,
0.116954445,,,
0.08465004,,,
0.099934992,,,
0.067195003,,,
0.657245706,,,
1.117018338,,,
0.513368873,,,
1.102613208,,,
0.59825142,,,
0.01249276,,,
0.049758573,,,
0.130553849,,,
0.043572814,,,
0.012022115,,,
0.098119799,,,
0.014484412,,,
0.065370201,,,
0.052084932,,,
0.097551856,,,
0.060931742,,,
0.016263837,,,
0.081537233,,,
0.034271098,,,
0.028485666,,,
0.013334704,,,
0.014725458,,,
0.038320813,,,
0.022193779,,,
0.03708228,,,
0.072827109,,,
0.012355014,,,
0.073377896,,,
0.582554307,,,
2.159047677,,,
1.216718,,,
0.745235717,,,
1.685470548,,,
0.224656381,,,
0.074088446,,,
0.05059445,,,
0.070198436,,,
0.019195259,,,
0.101754908,,,
0.058643611,,,
0.137043004,,,
0.036403015,,,
0.006386523,,,
0.003483511,,,
0.046686609,,,
0.033881108,,,
0.086055924,,,
0.032300968,,,
0.066914468,,,
0.04470165,,,
0.08113712,,,
0.001131823,,,
0.054726517,,,
0.01396446,,,
0.026400329,,,
0.214766101,,,
0.168563181,,,
0.125050902,,,
0.073038752,,,
0.136468823,,,
0.153236194,,,
0.064295843,,,
0.085857709,,,
0.117823397,,,
0.100438941,,,
0.025066601,,,
0.00937768,,,
0.096996083,,,
0.126905033,,,
0.031662227,,,
0.025203611,,,
0.029973162,,,
0.125270281,,,
0.080780658,,,
0.044768468,,,
0.005493372,,,
0.019208539,,,
0.038580413,,,
0.117780545,,,
0.1107374,,,
0.024814606,,,
0.097418525,,,
0.004113582,,,
0.091167612,,,
0.044472812,,,
0.216972241,,,
0.141431712,,,
0.054891369,,,
0.015222008,,,
0.082737189,,,
0.060695436,,,
0.054245551,,,
0.026186178,,,
0.079006375,,,
0.241715917,,,
0.06480575,,,
0.049765997,,,
0.032333697,,,
0.021584129,,,
0.043196373,,,
0.033184737,,,
0.026239533,,,
0.029858772,,,
0.077306086,,,
0.01109158,,,
0.073614297,,,
0.125199856,,,
0.129375014,,,
0.010297934,,,
0.023161746,,,
0.012200999,,,
0.045433166,,,
0.028992892,,,
0.11857341,,,
0.069996705,,,
0.066475399,,,
0.00936677,,,
0.000450422,,,
0.006338247,,,
0.050259223,,,
0.017642036,,,
0.014684462,,,
0.014031792,,,
0.09683029,,,
0.036485488,,,
0.063976755,,,
0.077433672,,,
0.039886415,,,
0.028561849,,,
0.153331211,,,
0.001025247,,,
0.071415682,,,
0.003095474,,,
0.034920071,,,
0.010101088,,,
0.078963695,,,
0.052837137,,,
0.021270161,,,
0.033905794,,,
0.005133336,,,
0.071765552,,,
0.102042773,,,
0.146613654,,,
0.083218929,,,
0.073596614,,,
0.013506777,,,
0.021387192,,,
0.083261347,,,
0.062833857,,,
0.080230515,,,
0.051716981,,,
0.075055907,,,
0.114681459,,,
0.065107218,,,
0.013570984,,,
0.00939944,,,
0.069480322,,,
0.002136157,,,
0.071740088,,,
0.151799712,,,
0.007909169,,,
0.042480534,,,
0.093907578,,,
0.025673035,,,
0.0755886,,,
0.019863455,,,
0.058427382,,,
0.006721375,,,
0.031432542,,,
0.017296238,,,
0.029128924,,,
0.023564887,,,
0.048305105,,,
0.004237505,,,
0.031834883,,,
0.029285228,,,
0.013048911,,,
0.086974821,,,
0.020930259,,,
0.001100383,,,
0.018827748,,,
0.004479266,,,
0.006640627,,,
0.088436021,,,
0.081447554,,,
0.240994861,,,
0.036231239,,,
0.113028264,,,
0.010849948,,,
0.184241928,,,
0.389072976,,,
0.125281312,,,
0.023653796,,,
0.044343093,,,
0.006343694,,,
0.035057322,,,
0.007033493,,,
0.085827765,,,
0.063699998,,,
0.066555228,,,
0.00159993,,,
0.022125777,,,
0.053100291,,,
0.642125221,,,
0.180664146,,,
0.059301864,,,
0.027501097,,,
0.010295328,,,
0.079239832,,,
0.034830257,,,
0.003580886,,,
0.019550906,,,
0.086199999,,,
0.871156045,,,
0.365837925,,,
0.054833172,,,
0.006129473,,,
0.095161015,,,
0.071118256,,,
0.059729652,,,
0.125599854,,,
0.119670758,,,
0.019857552,,,
0.036941335,,,
0.06372489,,,
0.05302705,,,
0.077147176,,,
0.114712158,,,
0.06876781,,,
0.220687506,,,
0.146714412,,,
0.020528071,,,
0.018090537,,,
0.031508632,,,
0.022676927,,,
0.048051624,,,
0.070872523,,,
0.068395374,,,
0.054467467,,,
0.099200238,,,
0.023501296,,,
0.039486837,,,
0.234374734,,,
2.19826619,,,
0.404474371,,,
0.013002006,,,
0.043948417,,,
0.07296581,,,
0.00044994,,,
0.043952126,,,
0.07794423,,,
0.104583985,,,
0.05125975,,,
0.010694308,,,
0.020702746,,,
0.014585837,,,
0.015733717,,,
0.121656387,,,
0.184005909,,,
0.074539269,,,
0.04947072,,,
0.073617366,,,
0.091987498,,,
0.061838806,,,
0.000787806,,,
0.023085859,,,
0.008584999,,,
0.010146998,,,
0.052584374,,,
0.039763707,,,
0.028464668,,,
0.04637804,,,
0.078667538,,,
0.003855022,,,
0.064522206,,,
0.029708866,,,
0.103374819,,,
0.048203757,,,
0.115743994,,,
0.09897316,,,
0.05012964,,,
0.059064277,,,
0.157078471,,,
0.085456249,,,
0.250638318,,,
0.131117621,,,
0.055904102,,,
0.094890067,,,
0.017724646,,,
0.085498979,,,
0.118505386,,,
0.02926054,,,
0.096388483,,,
0.101500571,,,
0.019969576,,,
0.102976313,,,
0.078684723,,,
0.088025549,,,
0.072400002,,,
0.035341179,,,
0.088307982,,,
0.016076016,,,
0.053519018,,,
0.00376893,,,
0.08554826,,,
0.071618538,,,
0.155325236,,,
0.116929616,,,
0.064337351,,,
0.047514968,,,
0.104006354,,,
0.077417215,,,
0.071678046,,,
0.110975032,,,
0.080431627,,,
0.046855025,,,
0.108522597,,,
0.004389385,,,
0.054752178,,,
0.139360119,,,
0.072586373,,,
0.122282856,,,
0.176804094,,,
0.058004231,,,
0.030783998,,,
0.020593344,,,
0.057463913,,,
0.086470932,,,
0.051932753,,,
0.138237547,,,
0.179201454,,,
0.223656284,,,
0.211183767,,,
0.153425683,,,
0.228800254,,,
0.154057721,,,
0.088845244,,,
0.065258944,,,
0.154171181,,,
0.105794693,,,
0.057091274,,,
0.062680195,,,
0.032944019,,,
0.046526926,,,
0.005215263,,,
0.072234391,,,
0.013622352,,,
0.127240713,,,
0.006186776,,,
0.129381266,,,
0.113731646,,,
0.128540604,,,
0.027589791,,,
0.042216088,,,
0.035595599,,,
0.026149847,,,
0.000546134,,,
0.021651802,,,
0.066391874,,,
0.040485839,,,
0.020596666,,,
0.114995424,,,
0.110404053,,,
0.160081476,,,
0.169735015,,,
0.083630307,,,
0.171705376,,,
0.441382766,,,
0.579786182,,,
0.496828093,,,
0.16075356,,,
0.074601219,,,
0.192138703,,,
0.246735482,,,
0.096804452,,,
0.03330671,,,
0.033245825,,,
0.088082811,,,
0.093383508,,,
0.097734946,,,
0.022516483,,,
0.11303565,,,
0.491277182,,,
0.389956342,,,
0.063353074,,,
0.117414445,,,
0.059306769,,,
0.593940173,,,
0.886037964,,,
0.228745465,,,
0.03079853,,,
0.22909484,,,
0.265379357,,,
0.266816054,,,
0.239846844,,,
0.09414912,,,
0.126005596,,,
0.177096181,,,
0.163336082,,,
0.115984769,,,
0.049031677,,,
0.101192982,,,
0.031923923,,,
0.05343345,,,
0.155130986,,,
0.113311747,,,
0.01499959,,,
0.149398368,,,
0.074018784,,,
0.13482198,,,
0.090519468,,,
0.115709372,,,
0.117152615,,,
0.015763229,,,
0.024749462,,,
0.059176898,,,
0.006269506,,,
0.026740966,,,
0.12783312,,,
0.128962613,,,
0.113710839,,,
0.065345043,,,
0.074394913,,,
0.096515586,,,
0.201767567,,,
0.118370839,,,
0.090502186,,,
0.081118728,,,
0.066532241,,,
0.103363044,,,
0.148750063,,,
0.070562651,,,
0.042034189,,,
0.008131034,,,
0.055141814,,,
0.08746187,,,
0.127445131,,,
0.032858154,,,
0.1698362,,,
0.137481931,,,
0.047300723,,,
0.053719398,,,
0.037881359,,,
0.150964574,,,
0.123176139,,,
0.065848733,,,
0.06617489,,,
0.093695163,,,
0.120387059,,,
0.006086025,,,
0.090351554,,,
0.130995211,,,
0.334946554,,,
0.432208193,,,
0.249794233,,,
0.115139854,,,
0.005223034,,,
0.038141233,,,
0.005201251,,,
0.227142736,,,
0.096308381,,,
0.126593514,,,
0.071109239,,,
0.235435209,,,
0.454411988,,,
0.95727288,,,
0.589951283,,,
0.323048839,,,
0.297383435,,,
0.320834991,,,
0.770589672,,,
1.033231121,,,
0.40164131,,,
0.773866948,,,
6.314061866,,,
11.59879648,,,
4.956164307,,,
1.039683682,,,
0.447653155,,,
4.646015359,,,
8.874968072,,,
11.95650421,,,
1.506624125,,,
0.08399139,,,
0.125140822,,,
0.847927422,,,
12.87017429,,,
9.988101285,,,
4.952411306,,,
6.560414422,,,
2.219816855,,,
9.353866614,,,
17.6436931,,,
11.43900678,,,
1.849097519,,,
3.687387963,,,
10.27901686,,,
11.21757711,,,
4.111492424,,,
0.800041657,,,
1.039676346,,,
1.572354187,,,
4.073626404,,,
1.162038542,,,
0.219102461,,,
0.159464972,,,
0.108008548,,,
0.208407666,,,
0.215889308,,,
0.117152014,,,
0.044135013,,,
0.00319393,,,
0.022950395,,,
0.002601744,,,
0.156599869,,,
0.151325116,,,
0.183338307,,,
0.184541926,,,
0.126011176,,,
0.060768395,,,
0.021103569,,,
0.135415195,,,
0.067758004,,,
0.130036068,,,
0.077223544,,,
0.230041582,,,
0.030684911,,,
0.139999204,,,
0.122805355,,,
0.120930102,,,
0.07442516,,,
0.052755566,,,
0.039038266,,,
0.088325553,,,
0.136242921,,,
0.049374185,,,
0.0865692,,,
0.10060058,,,
0.116111564,,,
0.001992794,,,
0.130751383,,,
0.097586775,,,
0.044932541,,,
0.124751468,,,
0.14091972,,,
0.048788532,,,
0.114649933,,,
0.012896161,,,
0.076365209,,,
0.044842438,,,
0.061771059,,,
0.048789461,,,
0.119638078,,,
0.02905,,,
0.026849667,,,
0.030130871,,,
0.088440116,,,
0.025159929,,,
0.030522264,,,
0.073650229,,,
0.124386864,,,
0.004308193,,,
0.015939354,,,
0.029391536,,,
0.019459939,,,
0.075452012,,,
0.05899244,,,
0.202340378,,,
0.34645182,,,
1.509489734,,,
3.014825661,,,
8.331078415,,,
9.152092524,,,
5.955076822,,,
2.849410882,,,
6.70153166,,,
13.01854394,,,
14.84018697,,,
8.923111352,,,
6.580975241,,,
3.652620056,,,
4.71103431,,,
4.712123772,,,
6.074857053,,,
3.675153729,,,
3.260306414,,,
3.36147045,,,
0.336830661,,,
0.010251644,,,
0.111988055,,,
1.155053984,,,
4.986984718,,,
7.570464466,,,
6.845191847,,,
2.376856971,,,
2.066185344,,,
1.35174572,,,
3.732087394,,,
4.995452807,,,
4.310876515,,,
5.601883051,,,
3.895606735,,,
1.377052379,,,
3.426618128,,,
4.934127668,,,
4.135939483,,,
2.248828375,,,
0.807276362,,,
0.260566,,,
0.225532697,,,
0.1131672,,,
0.045046683,,,
0.026417998,,,
0.018319608,,,
0.026760418,,,
0.090277446,,,
0.035311144,,,
0.03366149,,,
0.099535218,,,
0.026755216,,,
0.152402944,,,
0.082990676,,,
0.076976494,,,
0.125081339,,,
0.103247202,,,
0.08435861,,,
0.115111736,,,
0.103761087,,,
0.129459324,,,
0.105791283,,,
0.091544397,,,
0.08587208,,,
0.053939031,,,
0.012341331,,,
0.04015715,,,
0.126248877,,,
0.04454793,,,
0.051340258,,,
0.01169138,,,
0.085207536,,,
0.068479126,,,
0.058883409,,,
0.042969702,,,
0.108740529,,,
0.01735405,,,
0.077083348,,,
0.150964437,,,
0.058366487,,,
0.034807846,,,
0.003765999,,,
0.074602414,,,
0.079635393,,,
0.070800854,,,
0.017205476,,,
0.064328919,,,
0.064743432,,,
0.036389146,,,
0.035834686,,,
0.099290231,,,
0.203641788,,,
0.070633331,,,
0.110781345,,,
0.129126159,,,
0.183396602,,,
0.490973115,,,
0.345278532,,,
0.323592751,,,
0.500939466,,,
0.690821517,,,
0.315345184,,,
0.562693298,,,
0.805971749,,,
1.887717628,,,
1.591274733,,,
1.260928717,,,
3.224458947,,,
8.395001151,,,
4.70892405,,,
2.917380053,,,
4.502212979,,,
4.549073806,,,
7.886557679,,,
4.983630199,,,
1.380960757,,,
0.520020532,,,
1.061038576,,,
1.608485689,,,
3.182096212,,,
6.725437672,,,
11.99270095,,,
8.275152883,,,
7.224559748,,,
2.827029017,,,
1.425933628,,,
1.46887171,,,
1.661103817,,,
0.418830469,,,
0.161450437,,,
0.197240726,,,
0.165007835,,,
0.072171068,,,
0.064590037,,,
0.264848872,,,
0.447349257,,,
0.225992858,,,
0.074317976,,,
0.114234677,,,
0.16767669,,,
0.129200935,,,
0.135277193,,,
0.099020228,,,
0.067366357,,,
0.00876678,,,
0.051163372,,,
0.064157613,,,
0.007719987,,,
0.065083329,,,
0.057849119,,,
0.053298762,,,
0.00389918,,,
0.03667432,,,
0.230034653,,,
0.094052733,,,
0.022532151,,,
0.120029005,,,
0.05434861,,,
0.169994146,,,
0.17657376,,,
0.119393646,,,
0.054912055,,,
0.056732676,,,
0.071727189,,,
0.068609026,,,
0.024095697,,,
0.033719561,,,
0.013154159,,,
0.027132103,,,
0.055548494,,,
0.036860115,,,
0.084922479,,,
0.064486023,,,
0.031163512,,,
0.106549072,,,
0.156710832,,,
0.167334495,,,
0.017947927,,,
0.040573854,,,
0.07975812,,,
0.016537206,,,
0.064196023,,,
0.075148176,,,
0.078467518,,,
0.01800236,,,
0.063620277,,,
0.125172133,,,
0.079649108,,,
0.030997428,,,
0.073483535,,,
0.066782178,,,
0.10201648,,,
0.06027624,,,
0.043142354,,,
0.135755199,,,
0.209941977,,,
0.078488339,,,
0.041682646,,,
0.123904973,,,
0.055074534,,,
0.174483335,,,
0.225687411,,,
0.198518102,,,
0.236677742,,,
0.358184594,,,
0.190429982,,,
0.181497426,,,
0.023388796,,,
0.038846773,,,
0.117741413,,,
0.210209543,,,
0.355473138,,,
0.507685457,,,
0.7344666,,,
1.457460929,,,
2.006311684,,,
2.510614423,,,
2.266299498,,,
0.786711615,,,
0.40699237,,,
0.260404452,,,
0.56100428,,,
1.137982457,,,
2.910767091,,,
1.202055199,,,
0.461673453,,,
0.459581715,,,
0.271566389,,,
0.144248279,,,
0.097249179,,,
0.146529416,,,
0.042127944,,,
0.056167328,,,
0.215764674,,,
0.440384907,,,
0.40425909,,,
0.360137762,,,
0.143178155,,,
0.259138814,,,
0.140005952,,,
0.030178323,,,
0.116386633,,,
0.139528478,,,
0.183976269,,,
0.106602674,,,
0.129372366,,,
0.066461621,,,
0.039248325,,,
0.094129111,,,
0.027672039,,,
0.019764023,,,
0.076615549,,,
0.064346154,,,
0.208106565,,,
0.238462154,,,
0.042265701,,,
0.061002051,,,
0.029262019,,,
0.022596851,,,
0.017204037,,,
0.149551282,,,
0.137033163,,,
0.023353205,,,
0.030967845,,,
0.056204305,,,
0.102907291,,,
0.05410202,,,
0.066828157,,,
0.155618632,,,
0.123190842,,,
0.073672217,,,
0.046266494,,,
0.094145119,,,
0.047123429,,,
0.056227177,,,
0.050933508,,,
0.059669002,,,
0.068176318,,,
0.040619269,,,
0.03088684,,,
0.052175958,,,
0.125687225,,,
0.134245621,,,
0.258799357,,,
0.134337774,,,
0.073046744,,,
0.015327989,,,
0.042918343,,,
0.075992767,,,
0.195016627,,,
0.160984113,,,
0.072514154,,,
0.062968847,,,
0.019701251,,,
0.075712666,,,
0.178422632,,,
0.092143696,,,
0.1295721,,,
0.013412101,,,
0.16331985,,,
0.118338475,,,
0.238929829,,,
0.132045882,,,
0.097918815,,,
0.128669761,,,
0.046899331,,,
0.063522371,,,
0.00814306,,,
0.018853488,,,
0.112109315,,,
0.059378112,,,
1.249094423,,,
5.169957083,,,
1.232654533,,,
0.534870364,,,
0.16498627,,,
0.194990308,,,
0.440827453,,,
2.597914478,,,
1.477496931,,,
0.053840275,,,
0.126902833,,,
0.120882807,,,
0.075396957,,,
0.014998654,,,
0.056969339,,,
0.037054078,,,
0.009344939,,,
0.076538947,,,
0.215245486,,,
0.129705505,,,
0.203050046,,,
0.113816419,,,
0.093125391,,,
0.071952524,,,
0.062733876,,,
0.13940758,,,
0.10318639,,,
0.188342036,,,
0.153088263,,,
0.169373627,,,
0.093142431,,,
0.03749929,,,
0.013544102,,,
0.107096659,,,
0.092316925,,,
0.201748953,,,
0.077819676,,,
0.032725101,,,
0.017894378,,,
0.085264452,,,
0.144849205,,,
0.119607007,,,
0.023705864,,,
0.102806831,,,
0.030842672,,,
0.095589723,,,
0.023322923,,,
0.027992643,,,
0.127561036,,,
0.021287808,,,
0.063387971,,,
0.075824664,,,
0.028086835,,,
0.023407421,,,
0.05103283,,,
,,,
0.035689428,,,
0.091143899,,,
0.001146174,,,
0.06134932,,,
0.052247631,,,
0.077666097,,,
0.041017145,,,
0.106703469,,,
0.081882825,,,
0.020838381,,,
0.108403354,,,
0.228265116,,,
0.136192232,,,
0.059458452,,,
0.06891978,,,
0.026508701,,,
0.074003486,,,
0.097219729,,,
0.033422523,,,
0.037270481,,,
0.040450456,,,
0.029928287,,,
0.014351852,,,
0.083024872,,,
0.060641873,,,
0.111059489,,,
0.083996979,,,
0.113192085,,,
0.021149502,,,
0.015500749,,,
0.021781547,,,
0.037610784,,,
0.09015863,,,
0.048969089,,,
0.046256069,,,
0.131892004,,,
0.056599767,,,
0.088665147,,,
0.093945119,,,
0.085421128,,,
0.192226416,,,
0.083620569,,,
0.09345816,,,
0.057112471,,,
0.119017751,,,
0.050781772,,,
0.013089739,,,
0.025280916,,,
0.084828148,,,
0.056481791,,,
0.04174829,,,
0.039786139,,,
0.084685702,,,
0.040675613,,,
0.047555308,,,
0.037289226,,,
0.037476556,,,
0.028403181,,,
0.071638479,,,
0.122631566,,,
0.040354959,,,
0.003633297,,,
0.133750952,,,
0.060191208,,,
0.066074972,,,
0.000152743,,,
0.076724152,,,
0.098395481,,,
0.045348938,,,
0.063490077,,,
0.025241675,,,
0.06957901,,,
0.109992486,,,
0.084278621,,,
0.08592027,,,
0.044781078,,,
0.122574868,,,
0.055606603,,,
0.043776899,,,
0.090395814,,,
0.026234776,,,
0.075743359,,,
0.060286717,,,
0.074223935,,,
0.194959934,,,
0.02407643,,,
0.145951355,,,
0.018165447,,,
0.091218469,,,
0.139900339,,,
0.089255582,,,
0.018131744,,,
0.010743026,,,
0.103677319,,,
0.007161049,,,
0.066862637,,,
0.068897938,,,
0.087283612,,,
0.021611125,,,
0.08328259,,,
0.033192718,,,
0.052212803,,,
0.048800666,,,
0.085451904,,,
0.059395356,,,
0.048248443,,,
0.069324759,,,
0.086983885,,,
0.144203442,,,
0.028774554,,,
0.014806321,,,
0.044899982,,,
0.172615961,,,
0.49589541,,,
0.282935976,,,
0.072186836,,,
0.104861843,,,
0.006866854,,,
0.020097172,,,
0.089174271,,,
0.042173998,,,
0.149035905,,,
0.054266764,,,
0.017916799,,,
0.055011309,,,
0.071729149,,,
0.08220851,,,
0.014263315,,,
0.077252251,,,
0.226597761,,,
0.090139673,,,
0.032346967,,,
0.066796694,,,
0.153728504,,,
0.088786783,,,
0.037711045,,,
0.061747488,,,
0.016154473,,,
0.022489318,,,
0.003704155,,,
0.026889238,,,
0.22416031,,,
0.289936263,,,
0.014736903,,,
0.117690364,,,
0.081553272,,,
0.176233433,,,
0.009165938,,,
0.076976869,,,
0.096644072,,,
0.037171859,,,
0.091326126,,,
0.072750198,,,
0.151685783,,,
0.162305084,,,
0.086953373,,,
0.045995222,,,
0.201690062,,,
0.318303259,,,
0.160306449,,,
0.077082578,,,
0.034691515,,,
0.072280971,,,
0.084292996,,,
0.112124503,,,
0.086638367,,,
0.023855791,,,
0.075340368,,,
0.016788139,,,
0.055901366,,,
0.01781894,,,
0.028633995,,,
0.01380431,,,
0.022594412,,,
0.039558924,,,
0.081603039,,,
0.016647048,,,
0.011051338,,,
0.116329699,,,
0.033721232,,,
0.041660936,,,
0.094963689,,,
0.1139295,,,
0.004898701,,,
0.042194176,,,
0.008281867,,,
0.003486341,,,
0.048641825,,,
0.080607497,,,
0.037874663,,,
0.059107012,,,
0.008690125,,,
0.052572455,,,
0.008097123,,,
0.025869468,,,
0.04378195,,,
0.045137532,,,
0.031288912,,,
0.040049946,,,
0.017898799,,,
0.009143897,,,
0.079196713,,,
0.08011876,,,
0.088766633,,,
0.122990519,,,
0.111246546,,,
0.086094913,,,
0.152137832,,,
0.137148803,,,
0.10738508,,,
0.018787996,,,
0.042614074,,,
0.05266715,,,
0.14604917,,,
0.088044698,,,
0.053700008,,,
0.05384684,,,
0.06660014,,,
0.05909776,,,
0.047709438,,,
0.105146076,,,
0.04683702,,,
0.047661142,,,
0.049287515,,,
0.003645337,,,
0.044100824,,,
0.020288725,,,
0.076050767,,,
0.052064418,,,
0.037171219,,,
0.120445667,,,
0.133415575,,,
0.051735797,,,
0.01335726,,,
0.02501483,,,
0.12231709,,,
0.053969698,,,
0.03647096,,,
0.033152555,,,
0.014007442,,,
0.039856398,,,
0.080025635,,,
0.059064193,,,
0.033732954,,,
0.008625309,,,
0.032107482,,,
0.003153202,,,
0.054143078,,,
0.044549165,,,
0.058961385,,,
0.044345507,,,
0.081250589,,,
0.0268156,,,
0.063174884,,,
0.041266095,,,
0.010351567,,,
0.03811468,,,
0.252811705,,,
0.0440806,,,
0.053457913,,,
0.043676481,,,
0.011263579,,,
0.094079594,,,
0.207862037,,,
0.033751297,,,
0.052394318,,,
0.055176519,,,
0.015883719,,,
0.026086889,,,
0.066594499,,,
0.015694868,,,
0.070545813,,,
0.061582925,,,
0.081565663,,,
0.063186239,,,
0.025108221,,,
0.006450903,,,
0.013487612,,,
0.005899911,,,
0.070496255,,,
0.077086707,,,
0.083593603,,,
0.025834846,,,
0.033488633,,,
0.147493033,,,
0.067814919,,,
0.06009786,,,
0.013749795,,,
0.10284283,,,
0.052976149,,,
0.045730747,,,
0.046008887,,,
0.025889902,,,
0.063768741,,,
0.116605212,,,
0.016755303,,,
0.009244627,,,
0.016444238,,,
0.049409036,,,
0.011586052,,,
0.024562226,,,
0.01783236,,,
0.111180878,,,
0.10266264,,,
0.032738312,,,
0.017915562,,,
0.020791606,,,
0.048103122,,,
0.072059043,,,
0.102366849,,,
0.109944065,,,
0.063477057,,,
0.028936651,,,
0.095547624,,,
0.113320294,,,
0.105564905,,,
0.124837318,,,
0.037171575,,,
0.127992554,,,
0.033976931,,,
0.012527418,,,
0.038368587,,,
0.052168012,,,
0.010929521,,,
0.069512466,,,
0.038572693,,,
0.048298313,,,
0.014906775,,,
0.009539022,,,
0.06039085,,,
0.114649435,,,
0.088206655,,,
0.104622079,,,
0.036396207,,,
0.030707779,,,
0.080814904,,,
0.079104907,,,
0.044774922,,,
0.058110716,,,
0.041349383,,,
0.059299979,,,
0.2766276,,,
0.372896871,,,
0.066760685,,,
0.118494447,,,
0.092894826,,,
0.136086499,,,
0.004492119,,,
0.012640576,,,
0.048649139,,,
0.018737867,,,
0.045590391,,,
0.032235783,,,
0.024645022,,,
0.031169747,,,
0.057749569,,,
0.090694172,,,
0.063061253,,,
0.090824318,,,
0.049454003,,,
0.068820413,,,
0.051855451,,,
0.043478431,,,
0.098830827,,,
0.023274744,,,
0.108247315,,,
0.074002695,,,
0.023690165,,,
0.06909796,,,
0.055433378,,,
0.044353284,,,
0.032078183,,,
0.136890433,,,
0.008989307,,,
0.008852076,,,
0.080382001,,,
0.031907422,,,
0.053855992,,,
0.076944931,,,
0.015069402,,,
0.020404125,,,
0.056115454,,,
0.004637379,,,
0.04986399,,,
0.026696267,,,
0.050963517,,,
0.022228986,,,
0.038432984,,,
0.01094648,,,
0.171317393,,,
0.467051829,,,
0.082559563,,,
0.044391927,,,
0.019989263,,,
0.060487124,,,
0.051464948,,,
0.046542463,,,
0.008090771,,,
0.024246461,,,
0.05455398,,,
0.193913447,,,
0.082385809,,,
0.027540684,,,
0.076100001,,,
0.018159604,,,
0.021232922,,,
0.018073732,,,
0.063248418,,,
0.028490146,,,
0.003499054,,,
0.033026297,,,
0.07654122,,,
0.062284331,,,
0.003297108,,,
0.041684222,,,
0.091620371,,,
0.04460771,,,
0.126503476,,,
0.131679413,,,
0.074117449,,,
0.177188439,,,
0.109675915,,,
0.105568067,,,
0.065789544,,,
0.08627863,,,
0.0135,,,
0.050721951,,,
0.125026142,,,
0.073196596,,,
0.056255224,,,
0.09170936,,,
0.023774675,,,
0.011391938,,,
0.008633206,,,
0.067026603,,,
0.09186734,,,
0.000449041,,,
0.026388943,,,
0.040996619,,,
0.102708154,,,
0.057183282,,,
0.04443919,,,
0.021787245,,,
0.08213282,,,
0.075197075,,,
0.035026136,,,
0.103423745,,,
0.079512697,,,
0.10284616,,,
0.037200683,,,
0.070951308,,,
0.030982338,,,
0.016547745,,,
0.037719743,,,
0.061530446,,,
0.118461786,,,
0.019259217,,,
0.030668192,,,
0.041860811,,,
0.00541619,,,
0.038348537,,,
0.069645612,,,
0.073349089,,,
0.026644476,,,
0.082185091,,,
0.061563507,,,
0.080645962,,,
0.037894571,,,
0.059002019,,,
0.096708306,,,
0.04253024,,,
0.105970355,,,
0.076787602,,,
0.036412467,,,
0.021547938,,,
0.039038374,,,
0.028740145,,,
0.023276663,,,
0.009195358,,,
0.071496098,,,
0.120515846,,,
0.110669962,,,
0.054169572,,,
0.007643466,,,
0.051019648,,,
0.008171375,,,
0.008945001,,,
0.073088742,,,
0.122966357,,,
0.184438461,,,
0.375673479,,,
0.273233148,,,
0.105730395,,,
0.020221504,,,
0.027402964,,,
0.007681583,,,
0.0336002,,,
0.088069889,,,
0.180319502,,,
0.194626265,,,
0.332728677,,,
0.081974382,,,
0.067121853,,,
0.064148179,,,
0.031271874,,,
0.01332788,,,
0.066363704,,,
0.069330522,,,
0.011176681,,,
0.06841333,,,
0.079065809,,,
0.014754357,,,
0.069490589,,,
0.005330239,,,
0.010376688,,,
0.106958373,,,
0.008595178,,,
0.043683809,,,
0.153070922,,,
0.145871664,,,
0.046620094,,,
0.177281326,,,
0.019804178,,,
0.130050004,,,
0.104066345,,,
0.08622325,,,
0.046110847,,,
0.018664495,,,
0.018933595,,,
0.032094874,,,
0.016749449,,,
0.027850723,,,
0.040361104,,,
0.049579665,,,
0.118951655,,,
0.055453154,,,
0.06182075,,,
0.038455373,,,
0.087504438,,,
0.083961343,,,
0.120532249,,,
0.088853632,,,
0.147491112,,,
0.13425995,,,
0.079618094,,,
0.019161303,,,
0.021539082,,,
0.141582033,,,
0.104859978,,,
0.097112508,,,
0.118847026,,,
0.040278285,,,
0.01928072,,,
0.030247135,,,
0.042846492,,,
0.056880061,,,
0.040483448,,,
0.099922846,,,
0.087570029,,,
0.179383318,,,
0.161859215,,,
0.099759721,,,
0.041434528,,,
0.011837161,,,
0.017610103,,,
0.011428014,,,
0.060030134,,,
0.033781752,,,
0.015295228,,,
0.025049236,,,
0.155158625,,,
0.136269573,,,
0.034275633,,,
0.055821997,,,
0.101033077,,,
0.028168697,,,
0.075683178,,,
0.038565124,,,
0.033726245,,,
0.064867366,,,
0.082259981,,,
0.142394395,,,
0.092739057,,,
0.17936822,,,
0.166264519,,,
0.034421623,,,
0.056000976,,,
0.035222941,,,
0.085768919,,,
0.083612507,,,
0.043905677,,,
0.016499458,,,
0.030063287,,,
0.097077064,,,
0.057330743,,,
0.01535535,,,
0.049926189,,,
0.062860337,,,
0.076295114,,,
0.010014346,,,
0.076543325,,,
0.064187511,,,
0.078371455,,,
0.037874271,,,
0.069898566,,,
0.029952513,,,
0.058721579,,,
0.017795282,,,
0.052557676,,,
0.114426334,,,
0.057354133,,,
0.062907481,,,
0.10155466,,,
0.091021353,,,
0.041949261,,,
0.025160525,,,
0.01818079,,,
0.046940203,,,
0.028123093,,,
0.021848411,,,
0.039985987,,,
0.084710655,,,
0.01,,,
0.053881702,,,
0.019117819,,,
0.047400779,,,
0.012386776,,,
0.075368796,,,
0.047314704,,,
0.030939898,,,
0.00680121,,,
0.056695095,,,
0.040083869,,,
0.084894042,,,
0.058197942,,,
0.036565853,,,
0.028941428,,,
0.101758918,,,
0.049768942,,,
0.04199421,,,
0.034176435,,,
0.065114717,,,
0.002680482,,,
0.019864774,,,
0.080221396,,,
0.072815452,,,
,,,
0.025249612,,,
0.024228938,,,
0.03313177,,,
0.026079433,,,
0.016012919,,,
0.02346712,,,
0.028840967,,,
0.025490963,,,
0.029261765,,,
0.086063202,,,
0.133012921,,,
0.0526534,,,
0.05680939,,,
0.031432707,,,
0.319437379,,,
2.38639387,,,
3.021135813,,,
2.198251729,,,
0.190259004,,,
0.115235332,,,
0.007939255,,,
0.001240478,,,
0.029770349,,,
0.083477673,,,
0.06767501,,,
0.066940441,,,
0.155658433,,,
0.045670239,,,
0.035202468,,,
0.043478004,,,
0.028746981,,,
0.055508095,,,
0.178765156,,,
0.065076785,,,
0.307598121,,,
0.213144873,,,
0.03964225,,,
0.00409053,,,
0.07486073,,,
0.084798708,,,
0.137388808,,,
0.13577523,,,
0.865562256,,,
3.151295692,,,
1.628637702,,,
0.480761869,,,
1.602096504,,,
3.214483854,,,
2.374129993,,,
3.639815772,,,
6.518053951,,,
3.729941453,,,
5.457395611,,,
2.15175719,,,
0.156349799,,,
0.085510618,,,
0.053728382,,,
0.021120114,,,
0.04567339,,,
0.026679451,,,
0.029596645,,,
0.12370362,,,
0.028727686,,,
0.043673741,,,
0.046242502,,,
0.093646383,,,
0.057877679,,,
0.052236662,,,
0.014967492,,,
0.063030517,,,
0.020338336,,,
0.009438742,,,
0.015759278,,,
0.044972613,,,
0.046921347,,,
0.075345784,,,
0.029759746,,,
0.005290845,,,
0.002899904,,,
0.035546873,,,
0.037017995,,,
0.029364056,,,
0.059394899,,,
0.067093814,,,
0.016050586,,,
0.161275348,,,
0.097568723,,,
0.041809161,,,
0.059973026,,,
0.045793352,,,
0.140328768,,,
0.059612404,,,
0.890842176,,,
7.326550349,,,
7.94674601,,,
4.841666884,,,
3.869676882,,,
4.511023838,,,
6.744154845,,,
4.345250112,,,
1.343816911,,,
5.513675115,,,
6.905097563,,,
1.319577921,,,
0.022057487,,,
0.066837148,,,
0.069956311,,,
0.00605621,,,
0.067985934,,,
0.164581102,,,
0.030565481,,,
0.246259253,,,
1.06472999,,,
0.114555967,,,
0.110202699,,,
0.114490834,,,
0.031961759,,,
0.041874373,,,
0.008602413,,,
0.104316496,,,
0.043211339,,,
0.037162333,,,
0.069592232,,,
0.071140782,,,
0.211818064,,,
0.801772558,,,
3.924830113,,,
5.436331606,,,
1.790886036,,,
0.284936537,,,
0.057195517,,,
0.043759098,,,
0.057015311,,,
0.040681353,,,
0.080998579,,,
0.052555019,,,
0.072691938,,,
0.019529722,,,
0.062643817,,,
0.033637243,,,
0.01785983,,,
0.036424599,,,
0.076446502,,,
0.033652898,,,
0.016809767,,,
0.017657154,,,
0.042545696,,,
0.117299727,,,
0.034921221,,,
0.090471526,,,
0.319856864,,,
0.278291675,,,
0.486066658,,,
1.367970352,,,
1.195284562,,,
0.198844492,,,
0.16586618,,,
0.002550095,,,
0.179163473,,,
0.255164372,,,
0.1839496,,,
0.144763037,,,
0.213876052,,,
0.112310724,,,
0.095018142,,,
0.118118371,,,
0.076463151,,,
0.498223165,,,
0.193327644,,,
0.131535995,,,
0.112174844,,,
0.174492787,,,
0.082918744,,,
0.056178264,,,
0.175744726,,,
2.617002973,,,
7.429640211,,,
3.30427108,,,
1.73988466,,,
2.913905957,,,
2.633489265,,,
2.974269852,,,
1.386858057,,,
3.487731258,,,
2.500290112,,,
0.8479727,,,
0.007770168,,,
0.074767844,,,
0.046854233,,,
0.056602109,,,
0.018431561,,,
0.013858068,,,
0.051670694,,,
0.139910765,,,
0.185701485,,,
0.007042236,,,
0.044786563,,,
0.16140324,,,
0.023599959,,,
0.021117409,,,
0.028650077,,,
0.027000559,,,
0.084330012,,,
0.02865366,,,
0.028392929,,,
0.045285911,,,
0.035022315,,,
0.040965993,,,
0.11408797,,,
0.141561163,,,
0.029291539,,,
0.054686658,,,
0.043825642,,,
0.039484956,,,
0.018165623,,,
0.026621411,,,
0.056799583,,,
0.021060212,,,
0.019796083,,,
0.08676288,,,
0.147568893,,,
0.195503118,,,
1.789345091,,,
3.060379452,,,
1.118677863,,,
1.565605223,,,
0.976953614,,,
1.158601485,,,
1.053522983,,,
2.789584191,,,
4.274066661,,,
0.812051266,,,
0.052634395,,,
0.126599433,,,
0.247257927,,,
0.181803246,,,
0.351236934,,,
0.324912879,,,
0.028639778,,,
0.182518175,,,
0.073999034,,,
0.014203012,,,
0.016307533,,,
0.156331842,,,
0.177610537,,,
0.149044302,,,
0.227324742,,,
0.157149274,,,
0.077585212,,,
0.052348266,,,
0.106864509,,,
0.132349327,,,
0.669506513,,,
0.5362013,,,
0.229304008,,,
0.252163986,,,
0.078816793,,,
0.062840516,,,
0.076813426,,,
0.061064389,,,
0.010014841,,,
0.024668362,,,
0.036729793,,,
0.073526947,,,
0.015476817,,,
0.02816737,,,
0.04397644,,,
0.040932476,,,
0.090286852,,,
0.053550432,,,
0.006612988,,,
0.050166968,,,
0.050569977,,,
0.025206309,,,
0.142172024,,,
0.223349947,,,
0.013372893,,,
0.150876548,,,
0.141114818,,,
0.221162593,,,
0.082979581,,,
0.092474954,,,
0.177639293,,,
0.16477268,,,
0.054756189,,,
0.041322693,,,
0.191359787,,,
0.315992338,,,
0.089695252,,,
0.210255732,,,
0.125831962,,,
0.174214328,,,
0.145892134,,,
0.046733135,,,
0.035249583,,,
0.126908466,,,
0.076502421,,,
0.13659671,,,
0.110950001,,,
0.283475894,,,
0.140984525,,,
0.134372676,,,
0.082916453,,,
0.030546107,,,
0.082690066,,,
0.243463024,,,
3.373763149,,,
9.134932562,,,
7.58666784,,,
1.37768889,,,
0.1190526,,,
0.059515719,,,
0.861024916,,,
3.674545521,,,
2.109401635,,,
0.297873904,,,
0.092621261,,,
0.102824151,,,
0.064690727,,,
0.024985677,,,
0.021540114,,,
0.068047007,,,
0.072608449,,,
0.03389422,,,
0.008826946,,,
0.059132379,,,
0.033655538,,,
0.012305004,,,
0.021750138,,,
0.129198082,,,
0.01605931,,,
0.021434699,,,
0.01037975,,,
0.049675511,,,
0.006144425,,,
0.027659639,,,
0.032206953,,,
0.090422592,,,
0.103994035,,,
0.117288017,,,
0.175403958,,,
0.028082479,,,
0.075265252,,,
0.054793702,,,
0.065512457,,,
0.027681682,,,
0.085831752,,,
0.244767884,,,
0.033995552,,,
0.003459516,,,
0.025050079,,,
0.018272179,,,
0.095495102,,,
0.084746596,,,
0.889092533,,,
2.510970967,,,
0.751052312,,,
0.061347245,,,
0.278863443,,,
1.780067618,,,
10.73137515,,,
9.960598044,,,
2.551441975,,,
0.025927054,,,
0.057074399,,,
0.064707187,,,
0.124098939,,,
0.155570217,,,
0.101821916,,,
0.102287359,,,
0.103682882,,,
0.01126856,,,
0.031879243,,,
0.060056486,,,
0.185527621,,,
0.136707831,,,
0.144280852,,,
0.119436215,,,
0.079567414,,,
0.142027033,,,
0.167682284,,,
0.014845607,,,
0.087516031,,,
0.169331665,,,
0.282563597,,,
0.160470218,,,
0.076504886,,,
0.071689953,,,
0.028401495,,,
0.032787628,,,
0.047612134,,,
0.103456787,,,
0.030780855,,,
0.0334414,,,
0.037385824,,,
0.043492944,,,
0.018555219,,,
0.065028566,,,
0.042256903,,,
0.03303423,,,
0.125772198,,,
0.375127345,,,
0.028456194,,,
0.02209179,,,
0.027601351,,,
0.059892677,,,
0.117675379,,,
0.089749011,,,
0.149895368,,,
0.032755961,,,
0.042629132,,,
0.14140829,,,
0.110786806,,,
0.094115785,,,
0.086293026,,,
0.245012574,,,
0.043432127,,,
0.078815715,,,
0.026513588,,,
0.026096572,,,
0.10562106,,,
0.058540022,,,
0.015492227,,,
0.13798219,,,
0.181330198,,,
0.252525498,,,
0.147592406,,,
0.220349876,,,
0.143565854,,,
0.026384517,,,
0.211897183,,,
0.211692828,,,
0.038830656,,,
0.127047258,,,
0.069217375,,,
0.029816188,,,
0.078862648,,,
0.152943949,,,
0.044997662,,,
0.019308532,,,
0.092398332,,,
0.053948209,,,
0.110796129,,,
0.080066264,,,
0.015829511,,,
0.069857619,,,
0.027751331,,,
0.04867346,,,
0.013270228,,,
0.013908349,,,
0.083764287,,,
0.058315508,,,
0.059811225,,,
0.09794533,,,
0.10333374,,,
0.080190492,,,
0.577162275,,,
0.788015386,,,
0.106358042,,,
0.108737207,,,
0.06836577,,,
0.010963085,,,
0.022992732,,,
0.02072137,,,
0.037747254,,,
0.043556041,,,
0.023954132,,,
0.058914356,,,
0.037478867,,,
0.030543004,,,
0.088652326,,,
0.04672913,,,
0.02958987,,,
0.021164816,,,
0.192748348,,,
0.104149323,,,
0.042919853,,,
0.042528609,,,
0.044744463,,,
0.025053301,,,
0.24141541,,,
1.087666876,,,
0.410469425,,,
0.073776009,,,
0.034269631,,,
0.116703663,,,
0.155708227,,,
0.024847542,,,
0.009070577,,,
0.029353795,,,
0.028064902,,,
0.058337019,,,
0.059517089,,,
0.065567027,,,
0.067271677,,,
0.163129841,,,
0.095216828,,,
0.044259561,,,
0.086642148,,,
0.089545442,,,
0.062022486,,,
0.034507022,,,
0.073319541,,,
0.015495845,,,
0.020968592,,,
0.022882883,,,
0.026788407,,,
0.050225316,,,
0.093299931,,,
0.081054522,,,
0.039340262,,,
0.166401036,,,
0.036989628,,,
0.058872438,,,
0.029165931,,,
0.020014535,,,
0.059470071,,,
0.003652854,,,
0.031135178,,,
0.068769976,,,
0.032443402,,,
0.02302052,,,
0.081909837,,,
0.036101099,,,
0.10041978,,,
0.078291024,,,
0.039545943,,,
0.105782329,,,
0.072786617,,,
0.024947092,,,
0.050511279,,,
0.043702108,,,
0.02278654,,,
0.030472871,,,
0.052097062,,,
0.022856466,,,
0.065057817,,,
0.068986602,,,
0.114771569,,,
0.172526549,,,
0.040931985,,,
0.032891114,,,
0.070489582,,,
0.134452355,,,
0.115031849,,,
0.03775597,,,
0.128598132,,,
0.264570697,,,
0.124197372,,,
0.030379403,,,
0.069874563,,,
0.052745496,,,
0.044440916,,,
0.01696398,,,
0.062865841,,,
0.095901475,,,
0.024027916,,,
0.03443439,,,
0.027777016,,,
0.181290833,,,
0.038763874,,,
0.121514865,,,
0.166560464,,,
0.038923509,,,
0.040529018,,,
0.099894818,,,
0.025752066,,,
0.059489507,,,
0.075771707,,,
0.014248363,,,
0.1485027,,,
0.07178141,,,
0.16586173,,,
0.112673397,,,
0.03755639,,,
0.086942692,,,
0.125083717,,,
0.029973862,,,
0.051405039,,,
0.08823464,,,
0.03052891,,,
0.096074263,,,
0.012549951,,,
0.087013616,,,
0.033209039,,,
0.234977648,,,
0.461202909,,,
0.453503325,,,
0.167912642,,,
0.022708933,,,
0.019585882,,,
0.03960763,,,
0.03063395,,,
0.037569285,,,
0.030441558,,,
0.07543568,,,
0.125350973,,,
0.059983056,,,
0.359136625,,,
0.224477464,,,
0.074710062,,,
0.03488307,,,
0.095966499,,,
0.035820485,,,
0.04672671,,,
0.097718029,,,
0.168047801,,,
0.160224436,,,
0.151674591,,,
0.26358197,,,
0.139397477,,,
0.024042587,,,
0.051888342,,,
0.066004442,,,
0.031935154,,,
0.065129834,,,
0.316327349,,,
0.346236319,,,
0.081835066,,,
0.073132825,,,
0.153976569,,,
0.138734177,,,
0.060498579,,,
0.031608367,,,
0.015108334,,,
0.034231663,,,
0.099723447,,,
0.067626917,,,
0.012927874,,,
0.07461532,,,
0.06247734,,,
0.039888459,,,
0.014291525,,,
0.051361122,,,
0.118562428,,,
0.106952632,,,
0.028374516,,,
0.036298525,,,
0.060297021,,,
0.028509678,,,
0.039001176,,,
0.176045992,,,
0.047090287,,,
0.171336303,,,
0.008224823,,,
0.095898524,,,
0.037969801,,,
0.08634093,,,
0.155558252,,,
0.061563115,,,
0.072953744,,,
0.608555218,,,
0.098407972,,,
0.010976642,,,
0.122499042,,,
0.099543567,,,
0.035558088,,,
0.123896716,,,
0.134277403,,,
0.041857799,,,
0.117025696,,,
0.136594081,,,
0.182875655,,,
0.120927967,,,
0.017587515,,,
0.116702799,,,
0.490477229,,,
1.495804926,,,
0.441388081,,,
0.109650812,,,
0.163947804,,,
0.137080976,,,
0.030068856,,,
0.056686174,,,
0.06544536,,,
0.154574258,,,
0.27351958,,,
0.236313522,,,
0.195246199,,,
0.078738562,,,
0.042551439,,,
0.058404352,,,
0.050116839,,,
0.033610179,,,
0.04673323,,,
0.253027625,,,
0.313336196,,,
0.129861286,,,
0.048879477,,,
0.072026579,,,
0.031417,,,
0.130940918,,,
0.053817799,,,
0.048312521,,,
0.035741668,,,
0.025938094,,,
0.051180199,,,
0.075556491,,,
0.059933197,,,
0.031777389,,,
0.029017311,,,
0.026556742,,,
0.081409672,,,
0.054027535,,,
0.011597326,,,
0.050389983,,,
0.080947811,,,
0.021483539,,,
0.14090854,,,
2.085859345,,,
2.519784745,,,
0.253246323,,,
0.047204512,,,
0.05760706,,,
0.028474535,,,
0.042043,,,
0.036401855,,,
0.134156367,,,
0.253364003,,,
0.517393237,,,
0.299774555,,,
0.209839903,,,
0.135309502,,,
0.057276014,,,
0.035872104,,,
0.0665507,,,
0.093301874,,,
0.087848018,,,
0.172144175,,,
0.154361297,,,
0.483482696,,,
1.754393179,,,
2.020119249,,,
1.172606172,,,
0.880625169,,,
0.765235777,,,
0.351963863,,,
0.061419136,,,
0.04983497,,,
0.074158645,,,
0.209432855,,,
0.320466714,,,
0.220705722,,,
0.169709342,,,
0.012797356,,,
0.049220815,,,
0.05421877,,,
0.060065373,,,
0.056775525,,,
0.048625008,,,
0.058904696,,,
0.027483971,,,
0.046292988,,,
0.081992719,,,
0.087477409,,,
0.072514616,,,
0.121206455,,,
0.228761569,,,
0.182836814,,,
0.15083606,,,
0.095343912,,,
0.043336661,,,
0.030761626,,,
0.027808882,,,
0.060609738,,,
0.064023924,,,
0.028555714,,,
0.092486896,,,
0.133086215,,,
0.139280084,,,
0.052999999,,,
0.0421341,,,
0.061205328,,,
0.111033249,,,
0.064088666,,,
0.22566406,,,
0.026091294,,,
0.037271034,,,
0.111947953,,,
0.277060415,,,
0.24546677,,,
0.284450956,,,
0.262523463,,,
0.087317496,,,
0.037146068,,,
0.108612844,,,
0.074147623,,,
0.070810191,,,
0.044514887,,,
0.0847411,,,
0.022748736,,,
0.085634009,,,
0.033570605,,,
0.025590411,,,
0.13601283,,,
0.186114207,,,
0.267797085,,,
0.180004049,,,
0.316432175,,,
0.036849938,,,
0.280459274,,,
6.759555029,,,
9.963755631,,,
6.692971472,,,
3.5200694,,,
0.817083896,,,
0.157426189,,,
0.167503249,,,
0.133549999,,,
0.239341244,,,
0.088059277,,,
0.095965775,,,
0.121635354,,,
0.295480754,,,
0.567706848,,,
0.704845029,,,
0.710269545,,,
1.338448679,,,
0.909601317,,,
0.346796836,,,
0.07361135,,,
0.137253928,,,
1.000897204,,,
0.195984318,,,
0.008285637,,,
0.019772619,,,
0.047969489,,,
0.118495709,,,
0.177265918,,,
0.155821406,,,
0.076973321,,,
0.048534387,,,
0.054231358,,,
0.065733405,,,
0.091254478,,,
0.010894952,,,
0.005902465,,,
0.00279695,,,
0.069841972,,,
0.096970687,,,
0.101902833,,,
0.178154811,,,
0.213161128,,,
0.092548987,,,
0.117466439,,,
0.041454869,,,
0.036225386,,,
0.026720798,,,
0.07289091,,,
0.0167,,,
0.037920626,,,
0.032006373,,,
0.079501489,,,
0.00796422,,,
0.062927908,,,
0.19187415,,,
0.754611748,,,
6.942192505,,,
2.565454138,,,
1.127776023,,,
0.553733554,,,
0.299922019,,,
0.301982818,,,
0.303395308,,,
0.132977597,,,
0.22936548,,,
0.223396175,,,
0.212685003,,,
0.299361591,,,
0.529027149,,,
0.934854244,,,
8.829419365,,,
17.17127023,,,
13.3748021,,,
5.252765369,,,
0.037002327,,,
0.075347257,,,
0.085391335,,,
0.112529816,,,
0.400698451,,,
0.561392316,,,
0.124466731,,,
0.11325244,,,
0.060809793,,,
0.019635873,,,
0.013247232,,,
0.023647605,,,
0.034559524,,,
0.039372943,,,
0.203450886,,,
0.214868369,,,
0.304883527,,,
0.372680261,,,
0.300659903,,,
0.251271387,,,
0.231992254,,,
0.234997602,,,
0.299440702,,,
0.144660262,,,
0.080848903,,,
0.05375534,,,
0.06407934,,,
0.033005323,,,
0.069243303,,,
0.085041576,,,
0.08828043,,,
0.091044868,,,
0.177251621,,,
0.104252587,,,
0.040617893,,,
0.02958889,,,
0.072515876,,,
0.137196112,,,
0.223682027,,,
0.274604318,,,
0.188339595,,,
0.114337135,,,
0.251624474,,,
0.242338139,,,
0.395691315,,,
0.532444765,,,
0.336182825,,,
0.269972617,,,
0.060166324,,,
0.033715802,,,
0.022483851,,,
0.031193436,,,
0.161974136,,,
0.032484699,,,
0.037120183,,,
0.048964391,,,
0.112281719,,,
0.249459519,,,
0.344894649,,,
0.037526976,,,
0.165642121,,,
0.352437938,,,
0.189642284,,,
0.100098597,,,
0.190685604,,,
0.578128394,,,
1.957303705,,,
1.949237125,,,
1.250392949,,,
0.441672318,,,
0.339799993,,,
0.269990949,,,
0.174620857,,,
0.358116397,,,
0.346109412,,,
0.182320421,,,
0.189907613,,,
0.245625269,,,
0.575327319,,,
0.704400944,,,
2.112230363,,,
4.936138381,,,
2.567619477,,,
4.905130054,,,
1.291930718,,,
0.171724625,,,
0.015430805,,,
0.072784565,,,
0.140639362,,,
0.059738743,,,
0.125756102,,,
0.047370983,,,
0.072929736,,,
0.199857356,,,
0.079136622,,,
0.041495301,,,
0.045141229,,,
0.024025042,,,
0.064215674,,,
0.091727663,,,
0.046487756,,,
0.183020862,,,
0.183089093,,,
0.12044352,,,
0.035379165,,,
0.124758103,,,
0.043642164,,,
0.182153907,,,
0.281774524,,,
0.31185362,,,
0.079668121,,,
0.150100198,,,
0.15806322,,,
0.040553981,,,
0.061227405,,,
0.087257359,,,
0.101818821,,,
0.035826864,,,
0.02567354,,,
0.150280813,,,
0.171981895,,,
0.101572025,,,
0.31606552,,,
0.400637888,,,
0.111976085,,,
0.074800559,,,
0.077819484,,,
0.206171135,,,
0.177133103,,,
2.339487154,,,
2.034297429,,,
2.316172264,,,
3.939189279,,,
6.694746905,,,
1.957915496,,,
0.476829009,,,
0.436162733,,,
0.335373531,,,
0.358639888,,,
0.190345523,,,
0.104414274,,,
0.035855667,,,
0.150485379,,,
0.127308906,,,
0.148987305,,,
0.133400801,,,
0.54917303,,,
0.25991136,,,
0.104581666,,,
0.091587709,,,
0.220608621,,,
0.231626686,,,
0.518154273,,,
0.605372695,,,
0.278745764,,,
0.156589125,,,
0.044718928,,,
0.092467657,,,
0.058496949,,,
0.034018259,,,
0.02749212,,,
0.028556227,,,
0.062496784,,,
0.137223873,,,
0.317884278,,,
0.021544985,,,
0.1525999,,,
0.427880652,,,
0.515618133,,,
0.39028182,,,
0.141603603,,,
0.108715611,,,
0.26436662,,,
0.121111701,,,
0.303995389,,,
0.441446125,,,
0.201579498,,,
0.093118394,,,
0.048216213,,,
0.070547929,,,
0.170355717,,,
0.043408026,,,
0.011784711,,,
0.101378319,,,
0.223176814,,,
0.073134012,,,
0.008545766,,,
0.100807743,,,
0.159920556,,,
0.203178797,,,
0.420297997,,,
0.303398262,,,
0.197459499,,,
0.138864366,,,
0.235883169,,,
0.22700958,,,
0.289910032,,,
0.333270493,,,
0.416978966,,,
0.164296104,,,
0.020301297,,,
0.016616505,,,
0.076659801,,,
0.201825795,,,
0.030448103,,,
0.175639511,,,
0.025890832,,,
0.055612628,,,
0.034345303,,,
0.034394293,,,
0.026120085,,,
0.034309135,,,
0.073672947,,,
0.04559931,,,
0.029898837,,,
0.048006405,,,
0.054692575,,,
1.21227236,,,
5.29732911,,,
2.277026253,,,
1.428869506,,,
0.543344692,,,
0.027418306,,,
0.042813281,,,
0.134876372,,,
0.167595979,,,
0.276194381,,,
0.111878183,,,
0.116380177,,,
0.113323304,,,
0.397143398,,,
1.365468257,,,
2.597415531,,,
4.074814483,,,
3.67036934,,,
3.078333208,,,
2.035007496,,,
0.255800875,,,
0.067937518,,,
0.272408131,,,
0.169041771,,,
0.022892861,,,
0.037894747,,,
0.097833593,,,
0.112252395,,,
0.011610223,,,
0.007115752,,,
0.035033883,,,
0.020616456,,,
0.027095515,,,
0.125564085,,,
0.134086807,,,
0.022548109,,,
0.0672161,,,
0.028570744,,,
0.148238432,,,
0.055759281,,,
0.070144494,,,
0.051384598,,,
0.020931498,,,
0.019465836,,,
0.029552079,,,
0.051549453,,,
0.083273829,,,
0.135859874,,,
0.110885442,,,
0.118100798,,,
0.055378188,,,
0.188999334,,,
0.901270968,,,
3.055805497,,,
11.43717432,,,
5.748790794,,,
1.038430021,,,
2.595310553,,,
4.910937923,,,
3.404989771,,,
0.460545433,,,
0.243073806,,,
1.531028179,,,
1.865358105,,,
0.140845457,,,
0.271676695,,,
0.664381359,,,
0.503199044,,,
0.881549565,,,
5.601757512,,,
1.668274154,,,
1.218102882,,,
0.272929542,,,
0.017542144,,,
0.160407783,,,
0.118335953,,,
0.088376101,,,
0.08972118,,,
0.054440339,,,
0.106468249,,,
0.017088604,,,
0.11475626,,,
0.075162172,,,
0.069425269,,,
0.078516906,,,
0.020854312,,,
0.074122372,,,
0.043052208,,,
0.025322716,,,
0.038313836,,,
0.100986384,,,
0.23345891,,,
0.386034172,,,
0.367822633,,,
0.355235476,,,
0.22813927,,,
0.160003798,,,
0.197674303,,,
0.261780007,,,
0.966542561,,,
0.365704722,,,
0.197201432,,,
0.258084988,,,
0.077297867,,,
0.177743678,,,
0.222785919,,,
0.15352865,,,
0.07001961,,,
0.013018523,,,
0.0925846,,,
0.047508282,,,
0.084503725,,,
0.052136258,,,
0.160056558,,,
0.245042156,,,
0.165804345,,,
0.279498071,,,
0.334819631,,,
0.257129584,,,
0.28800354,,,
0.284676271,,,
0.35973664,,,
0.392851328,,,
0.440771823,,,
0.395451483,,,
0.301949537,,,
0.077776963,,,
0.048427529,,,
0.042279178,,,
0.188312712,,,
0.410307111,,,
0.406187873,,,
0.201997432,,,
0.161521021,,,
0.247365183,,,
0.08351098,,,
0.032420943,,,
0.075446018,,,
0.063656888,,,
0.100942318,,,
0.022894215,,,
0.046568557,,,
0.325822587,,,
0.05346325,,,
0.025689546,,,
0.026832096,,,
0.117238988,,,
0.003101358,,,
0.013431283,,,
0.025932765,,,
0.0455667,,,
0.276696031,,,
0.038266626,,,
0.487376182,,,
4.156498329,,,
5.762427287,,,
2.002025266,,,
2.085351194,,,
1.075599937,,,
0.710733934,,,
0.799641367,,,
4.548342882,,,
8.482123464,,,
2.28424969,,,
6.883878665,,,
3.496110365,,,
1.110822425,,,
6.148742127,,,
6.888755764,,,
11.46743216,,,
6.581232762,,,
4.250225614,,,
5.576152616,,,
6.527667768,,,
3.415006759,,,
0.441526682,,,
0.048719912,,,
0.001903001,,,
0.209263373,,,
0.910711913,,,
0.138018232,,,
0.035824399,,,
0.010550563,,,
0.01610811,,,
0.080386395,,,
0.094715259,,,
0.080418184,,,
0.110848818,,,
0.087184609,,,
0.026436925,,,
0.089759677,,,
0.001551719,,,
0.023547268,,,
0.017641353,,,
0.052609491,,,
0.087115511,,,
0.070766461,,,
0.02627374,,,
0.055539869,,,
0.007185187,,,
0.067358771,,,
0.033066262,,,
0.018556785,,,
0.020281829,,,
0.034837309,,,
0.022153498,,,
0.436507782,,,
0.800836423,,,
1.026338664,,,
2.66676331,,,
5.513902116,,,
8.739131992,,,
9.517509272,,,
4.975147739,,,
2.018154779,,,
1.595513578,,,
5.631101422,,,
2.835610943,,,
10.12516706,,,
8.923689339,,,
1.9723913,,,
0.993669486,,,
0.491685916,,,
1.62287558,,,
4.378443977,,,
14.19509209,,,
16.47302507,,,
4.205202139,,,
2.514476436,,,
2.904803499,,,
0.731739178,,,
0.062829618,,,
0.014082025,,,
0.050257457,,,
0.074006351,,,
0.054626757,,,
0.026609233,,,
0.085782146,,,
0.036113814,,,
0.057516374,,,
0.022682008,,,
0.02527688,,,
0.084573727,,,
0.070609679,,,
0.08396352,,,
0.099997668,,,
0.058086674,,,
0.106568599,,,
0.164714867,,,
0.242817117,,,
0.05067777,,,
0.075894204,,,
0.088100615,,,
0.043624583,,,
0.015770434,,,
0.076441203,,,
0.047280089,,,
0.248331935,,,
0.390817891,,,
0.309620581,,,
0.29362477,,,
0.300632916,,,
0.259487487,,,
0.403763682,,,
0.252152927,,,
0.252565708,,,
0.287648293,,,
0.176397278,,,
0.134064378,,,
0.043107246,,,
0.087577227,,,
0.073275221,,,
0.058666897,,,
0.031974652,,,
0.366674559,,,
0.466114375,,,
0.040064773,,,
0.031511352,,,
0.081557494,,,
0.05054135,,,
0.028368862,,,
0.146822498,,,
0.2904887,,,
0.244188032,,,
0.320321454,,,
0.155680205,,,
0.205176225,,,
0.276881928,,,
0.358131013,,,
0.271229489,,,
0.193006093,,,
0.157506795,,,
0.018386857,,,
0.063824722,,,
0.094748319,,,
0.097158184,,,
0.130658509,,,
0.173978422,,,
0.02165,,,
0.114598792,,,
0.115568092,,,
0.066063046,,,
0.106393591,,,
0.121174135,,,
0.12924011,,,
0.024669023,,,
0.026988886,,,
0.018468555,,,
0.006885648,,,
0.031051126,,,
0.22748613,,,
0.143069848,,,
0.194751409,,,
0.059051615,,,
0.029487951,,,
0.002290594,,,
0.074635479,,,
0.038032103,,,
0.501468332,,,
10.14924596,,,
22.30348936,,,
20.74120141,,,
18.20773475,,,
24.69995763,,,
16.65145442,,,
4.126821304,,,
1.010891299,,,
2.083609623,,,
3.253386179,,,
1.013908128,,,
1.064511228,,,
1.260478808,,,
2.627394468,,,
2.456164479,,,
3.826364698,,,
3.14018576,,,
5.22218966,,,
6.177315108,,,
2.508614691,,,
1.562608277,,,
1.113279309,,,
2.432003662,,,
2.521586695,,,
0.169544679,,,
0.070511228,,,
0.018497043,,,
0.052281188,,,
0.06406306,,,
0.048769095,,,
0.011149771,,,
0.035469984,,,
0.068586735,,,
0.017574062,,,
0.034296459,,,
0.017450368,,,
0.00878257,,,
0.003838005,,,
0.001243019,,,
0.059267259,,,
0.008600198,,,
0.002961632,,,
0.060799445,,,
0.097556632,,,
0.038292679,,,
0.009366012,,,
0.039345438,,,
0.039936125,,,
0.109980645,,,
0.054237081,,,
0.063200373,,,
0.02747204,,,
0.025649935,,,
0.970793626,,,
1.435440013,,,
2.049878356,,,
2.435208089,,,
2.506076012,,,
5.053109009,,,
5.023226175,,,
5.780707905,,,
12.64671173,,,
7.022536636,,,
6.204341293,,,
2.323936786,,,
1.57758087,,,
0.896100785,,,
1.047559889,,,
1.973317094,,,
4.783686494,,,
6.820704845,,,
11.1056397,,,
13.40645022,,,
12.32743042,,,
10.4871064,,,
19.51533767,,,
7.113349979,,,
0.384610829,,,
0.017470339,,,
0.048426235,,,
0.108179278,,,
0.209939655,,,
0.227972179,,,
0.171112329,,,
0.872106425,,,
0.765435965,,,
0.126092814,,,
0.019287053,,,
0.028510137,,,
0.041785932,,,
0.146875049,,,
0.135640141,,,
0.136144028,,,
0.059018418,,,
0.039735443,,,
0.084637328,,,
0.150442207,,,
0.053784198,,,
0.085055634,,,
0.158707646,,,
0.156130686,,,
0.272420017,,,
0.079872469,,,
0.026676157,,,
0.113720444,,,
0.172132856,,,
0.162061349,,,
0.075029869,,,
0.049538384,,,
0.014739462,,,
0.07636841,,,
0.11494284,,,
0.04931469,,,
0.138605889,,,
0.124679745,,,
0.297963528,,,
0.167044423,,,
0.282657377,,,
0.369713048,,,
0.096149826,,,
0.036920468,,,
0.310246641,,,
0.380651442,,,
0.294396091,,,
0.207712697,,,
0.148799458,,,
0.037255953,,,
0.037722334,,,
0.047915957,,,
0.077124566,,,
0.071264234,,,
0.02915,,,
0.085379121,,,
0.048104243,,,
0.293682404,,,
0.130916822,,,
0.144470793,,,
0.069926368,,,
0.059348241,,,
0.135897339,,,
0.111937929,,,
0.256241944,,,
0.184193729,,,
0.215182746,,,
0.129117896,,,
0.195251682,,,
0.198486928,,,
0.072903316,,,
0.033900901,,,
0.038742335,,,
0.046471419,,,
3.125522359,,,
7.338243733,,,
1.312942074,,,
0.155097765,,,
0.453645714,,,
0.178030524,,,
0.297626969,,,
0.222442764,,,
0.047796984,,,
0.095482466,,,
0.491946788,,,
1.477254503,,,
5.430126128,,,
4.249247942,,,
1.986313766,,,
2.154553855,,,
4.466974549,,,
2.581736511,,,
0.827457784,,,
0.137096234,,,
1.005519793,,,
0.804046373,,,
1.149159236,,,
2.686995732,,,
5.866809019,,,
12.13289383,,,
13.3865392,,,
10.94272973,,,
2.871185235,,,
1.869532406,,,
4.61463492,,,
2.652601092,,,
0.684060406,,,
0.240771113,,,
0.118360955,,,
0.049545735,,,
0.032114506,,,
0.024373422,,,
0.083813754,,,
0.000399434,,,
0.00869016,,,
0.017030742,,,
0.072109618,,,
0.019077101,,,
0.026352283,,,
0.020188506,,,
0.141064545,,,
0.080592284,,,
0.133271043,,,
0.031048564,,,
0.004747661,,,
0.021304002,,,
0.078792436,,,
0.101969684,,,
0.190541589,,,
0.056317347,,,
0.017629244,,,
0.024113726,,,
0.074861812,,,
0.239030631,,,
0.197431243,,,
0.072113839,,,
0.024855164,,,
0.018838437,,,
0.022105795,,,
0.014030225,,,
0.005836694,,,
0.022456002,,,
0.023759167,,,
0.117108418,,,
0.068970339,,,
0.050561983,,,
0.09710811,,,
0.027139364,,,
0.895347884,,,
2.0194022,,,
0.389815692,,,
1.924962343,,,
0.776338429,,,
1.022012251,,,
3.872016688,,,
2.144248343,,,
0.728596532,,,
1.308610198,,,
12.89356154,,,
13.28320202,,,
6.716708492,,,
1.652269581,,,
4.802824429,,,
7.824550625,,,
4.565661152,,,
0.262840916,,,
0.196452142,,,
2.475664049,,,
6.802903491,,,
10.20524216,,,
3.33725022,,,
1.054987686,,,
1.239491177,,,
0.859502109,,,
0.283187093,,,
0.300625174,,,
0.171416297,,,
0.37570142,,,
0.481144952,,,
0.175444164,,,
0.18785964,,,
0.32796022,,,
1.035157344,,,
11.68080158,,,
19.71535687,,,
5.407341269,,,
0.00466578,,,
0.027042308,,,
0.090609768,,,
0.064212375,,,
0.007310422,,,
0.150761816,,,
0.069512314,,,
0.177665742,,,
0.216330798,,,
0.258588929,,,
0.127458555,,,
0.03015548,,,
0.06144502,,,
0.10593776,,,
0.06736511,,,
0.035216821,,,
0.114902889,,,
0.037148002,,,
0.045682375,,,
0.009440786,,,
0.025213079,,,
0.036451407,,,
0.029382188,,,
0.084882501,,,
0.017151593,,,
0.064757914,,,
0.16466865,,,
0.085278068,,,
0.110595521,,,
0.093040535,,,
0.078558796,,,
0.148242048,,,
0.199663235,,,
0.122149456,,,
0.018827614,,,
0.076949998,,,
0.079189292,,,
0.004213796,,,
0.031282386,,,
0.028655961,,,
0.10070975,,,
0.164030867,,,
0.207929835,,,
0.048261264,,,
0.034375553,,,
0.053324153,,,
0.124914456,,,
0.03954459,,,
0.123164767,,,
0.079726428,,,
0.039397181,,,
0.049620894,,,
0.073902506,,,
0.086656685,,,
0.070756684,,,
0.115982392,,,
0.025957007,,,
0.246238502,,,
0.267356437,,,
0.067599722,,,
0.031004835,,,
0.099694991,,,
0.069481222,,,
1.140948326,,,
15.26173967,,,
21.57770762,,,
4.453166958,,,
0.439317431,,,
0.281644374,,,
0.175274638,,,
0.428827881,,,
0.587528064,,,
1.209308615,,,
2.528403612,,,
6.788216266,,,
8.137992209,,,
5.889225192,,,
1.29232938,,,
3.1579055,,,
8.872601601,,,
10.06321862,,,
7.710356504,,,
1.212305545,,,
0.048212024,,,
0.699508111,,,
5.816836849,,,
5.265938673,,,
3.016391801,,,
5.699312737,,,
12.78644507,,,
11.87502354,,,
4.120208175,,,
1.969092886,,,
2.12540486,,,
2.480862141,,,
2.123487413,,,
1.328169626,,,
4.048133576,,,
1.88781536,,,
1.566614221,,,
0.562685354,,,
0.363591912,,,
0.158246074,,,
0.120282128,,,
0.0186886,,,
0.092301036,,,
0.052828697,,,
0.032175701,,,
0.07701356,,,
0.002474688,,,
0.078774428,,,
0.056242914,,,
0.082597294,,,
0.03141179,,,
0.087099999,,,
0.094386036,,,
0.052354417,,,
0.090264127,,,
0.048196359,,,
0.024216798,,,
0.046516151,,,
0.025111187,,,
0.0755268,,,
0.032250762,,,
0.049809385,,,
0.031647018,,,
0.011594097,,,
0.053897148,,,
0.112554662,,,
0.526193347,,,
2.829001888,,,
1.541473084,,,
3.430016319,,,
9.630318109,,,
7.390586185,,,
2.423027381,,,
2.935546105,,,
3.878012712,,,
2.352440054,,,
1.73652084,,,
4.636499882,,,
6.482898623,,,
12.79657045,,,
15.59006153,,,
3.851858417,,,
1.712636554,,,
0.59488909,,,
0.094881175,,,
0.034774096,,,
0.048632732,,,
0.811514083,,,
1.659028973,,,
2.353910508,,,
2.261985622,,,
1.746555874,,,
3.78459084,,,
14.5661241,,,
17.7007039,,,
13.58562558,,,
6.13886788,,,
1.776523334,,,
0.467559238,,,
0.584346577,,,
0.379815978,,,
0.166226946,,,
0.31912184,,,
2.556666245,,,
11.90040551,,,
1.966857189,,,
0.052006478,,,
0.022623066,,,
0.029953535,,,
0.108530267,,,
0.007977197,,,
0.197838853,,,
0.223049605,,,
0.199344878,,,
0.336399943,,,
0.202302853,,,
0.014171751,,,
0.03744457,,,
0.020505155,,,
0.110455672,,,
0.008623611,,,
0.041027478,,,
0.143279201,,,
0.124996362,,,
0.015390969,,,
0.034910171,,,
0.161289378,,,
0.036510003,,,
0.001161961,,,
0.007395533,,,
0.256273836,,,
0.118933177,,,
0.055091432,,,
0.044636606,,,
0.209290432,,,
0.346327831,,,
0.03736297,,,
0.068424045,,,
0.095535066,,,
0.025247031,,,
0.065318745,,,
0.028367026,,,
0.185382352,,,
0.185845066,,,
0.100672334,,,
0.07230391,,,
0.006789082,,,
0.121069092,,,
0.063992143,,,
0.150932009,,,
0.183030356,,,
0.131358468,,,
0.122769846,,,
0.20714812,,,
0.102176278,,,
0.122951282,,,
0.126351857,,,
0.042712159,,,
0.035917637,,,
0.041263464,,,
0.046287859,,,
0.229931052,,,
0.185180814,,,
0.201141863,,,
0.148321351,,,
0.079755501,,,
0.01804961,,,
0.151827295,,,
0.070893604,,,
0.070368366,,,
0.031089852,,,
0.086367349,,,
0.069537085,,,
1.0030283,,,
0.571993133,,,
0.203769596,,,
0.282891,,,
0.435362795,,,
0.849096645,,,
0.977087575,,,
1.0500944,,,
6.748139598,,,
8.743079879,,,
6.534833583,,,
12.72819818,,,
6.951308527,,,
3.317724041,,,
1.728964615,,,
0.863623796,,,
0.374355503,,,
0.130019882,,,
0.035102492,,,
0.182095185,,,
0.168481397,,,
0.100930352,,,
0.630533387,,,
1.250030201,,,
4.226770684,,,
6.181264531,,,
12.14470655,,,
13.19706119,,,
12.56818141,,,
4.127752898,,,
2.250496078,,,
3.412080938,,,
3.451042471,,,
4.978414138,,,
4.117707034,,,
5.287286312,,,
1.542695111,,,
0.743792393,,,
2.098233472,,,
1.664514783,,,
0.240766913,,,
0.025581604,,,
0.064523944,,,
0.038484437,,,
0.038921861,,,
0.057017232,,,
0.026041252,,,
0.032643578,,,
0.035968651,,,
0.007798381,,,
0.130028387,,,
0.073933915,,,
0.0384411,,,
0.031260443,,,
0.012774131,,,
0.083897732,,,
0.05307523,,,
0.059142314,,,
0.11660751,,,
0.136455113,,,
0.197713308,,,
0.092846879,,,
0.011058684,,,
0.017557776,,,
0.032161435,,,
0.045802991,,,
0.078593586,,,
0.017740585,,,
0.063917869,,,
0.271769842,,,
1.449637716,,,
1.225110723,,,
2.004113646,,,
1.204010928,,,
0.862489653,,,
1.752506976,,,
1.663543844,,,
1.110122941,,,
4.819967505,,,
13.20331098,,,
12.92916905,,,
14.11949593,,,
5.980465532,,,
2.71136043,,,
1.581717232,,,
1.044925268,,,
2.373512808,,,
0.480042705,,,
0.146156977,,,
0.152954105,,,
0.024623533,,,
0.088149737,,,
0.323102583,,,
0.980168312,,,
2.313631662,,,
1.987337967,,,
7.458566947,,,
11.47129593,,,
10.89544639,,,
9.17560826,,,
12.10095563,,,
2.186183481,,,
1.771804956,,,
1.328274847,,,
0.446936691,,,
0.272314346,,,
0.604414666,,,
1.076023334,,,
0.435193867,,,
0.195823031,,,
0.140338032,,,
0.051536852,,,
0.01051842,,,
0.048171878,,,
0.175714893,,,
0.113632501,,,
0.058479923,,,
0.012644116,,,
0.022845907,,,
0.070642527,,,
0.1375353,,,
0.270479855,,,
0.177106049,,,
0.020413365,,,
0.017310403,,,
0.019612505,,,
0.137279895,,,
0.025018252,,,
0.057186037,,,
0.080595269,,,
0.051005866,,,
0.003421179,,,
0.029787656,,,
0.010559954,,,
0.084531186,,,
0.170909168,,,
0.055761986,,,
0.022650701,,,
0.061140554,,,
0.071886082,,,
0.034125251,,,
0.111722093,,,
0.236674462,,,
0.011155412,,,
0.043203876,,,
0.058543881,,,
0.003018484,,,
0.174883937,,,
0.085291085,,,
0.011797513,,,
0.089954279,,,
0.08776036,,,
0.034269329,,,
0.030301806,,,
0.077709989,,,
0.02314088,,,
0.017913967,,,
0.073971799,,,
0.007510479,,,
0.141407793,,,
0.095521064,,,
0.033260314,,,
0.040805582,,,
0.03722953,,,
0.016868603,,,
0.096531677,,,
0.140276544,,,
0.096078738,,,
0.004606293,,,
0.047553428,,,
0.038858028,,,
0.021227196,,,
0.043207352,,,
0.019713466,,,
0.051763922,,,
0.110103622,,,
0.113689501,,,
0.276248791,,,
0.172604362,,,
0.313974729,,,
2.516040037,,,
9.488179417,,,
7.745709881,,,
3.179050305,,,
2.589330281,,,
2.333956646,,,
5.571436785,,,
6.454282972,,,
8.949891077,,,
14.75317071,,,
11.68941817,,,
8.35565364,,,
5.430568178,,,
1.640358157,,,
1.437770144,,,
0.621103611,,,
0.190809734,,,
0.229014523,,,
0.122757238,,,
0.101426111,,,
0.249280097,,,
0.453806827,,,
2.283569212,,,
0.820392307,,,
0.147772618,,,
0.193992888,,,
0.973243885,,,
10.44003178,,,
12.68333944,,,
15.79425537,,,
13.38181569,,,
3.968330588,,,
1.716945939,,,
1.008411154,,,
1.535267641,,,
3.349741543,,,
9.562219963,,,
3.183240506,,,
1.655776688,,,
0.045252132,,,
0.115317858,,,
0.118152903,,,
0.042746141,,,
0.075873521,,,
0.039908103,,,
0.029191607,,,
0.201628603,,,
0.20123545,,,
0.103800744,,,
0.048242268,,,
0.018218621,,,
0.033041525,,,
0.024598066,,,
0.027784786,,,
0.02086659,,,
0.063805412,,,
0.072217338,,,
0.019428348,,,
0.032822182,,,
0.033587436,,,
0.137269462,,,
0.063517534,,,
0.053722423,,,
0.051259311,,,
0.121788049,,,
0.027568275,,,
0.080837615,,,
0.165892174,,,
0.211327094,,,
2.012974434,,,
5.939545278,,,
2.909519583,,,
4.172998594,,,
2.611177238,,,
0.839345741,,,
2.353248077,,,
4.260436266,,,
4.08018429,,,
3.325029166,,,
3.691206042,,,
0.879782467,,,
0.16576458,,,
0.035417688,,,
0.138138635,,,
2.495206948,,,
3.73018645,,,
1.114600367,,,
0.271668183,,,
0.106449828,,,
0.202649961,,,
0.145307152,,,
0.149291117,,,
0.476346101,,,
0.450938842,,,
1.327811777,,,
2.167563107,,,
4.113765408,,,
5.469503369,,,
3.068331735,,,
3.145922964,,,
9.824866322,,,
10.35272438,,,
9.157830124,,,
11.8488261,,,
9.705626008,,,
6.204017755,,,
7.427952824,,,
1.921462109,,,
0.227062433,,,
0.048364266,,,
0.10300617,,,
0.030872158,,,
0.018351833,,,
0.018830909,,,
0.027731795,,,
0.083614674,,,
0.094160868,,,
0.094109142,,,
0.042057904,,,
0.091201348,,,
0.199458606,,,
0.017538297,,,
0.129770655,,,
0.102220636,,,
0.065158931,,,
0.026860592,,,
0.014714792,,,
0.008832058,,,
0.091219096,,,
0.140034116,,,
0.078682994,,,
0.110471071,,,
0.065753704,,,
0.066551098,,,
0.019017042,,,
0.017169527,,,
0.07745524,,,
0.03342314,,,
0.131905392,,,
0.017771425,,,
0.020127519,,,
0.123115537,,,
0.020818596,,,
0.059318369,,,
0.049297022,,,
0.176128034,,,
0.057892588,,,
0.103965555,,,
0.098808006,,,
0.05006274,,,
0.03925405,,,
0.055987504,,,
0.036005482,,,
0.011896999,,,
0.054524444,,,
0.007450574,,,
0.052015357,,,
0.008537758,,,
0.551319115,,,
0.295148455,,,
0.097173959,,,
0.013862851,,,
0.120263599,,,
0.271215036,,,
0.034879458,,,
0.018132033,,,
0.05418461,,,
0.043066659,,,
0.02065727,,,
0.021427466,,,
0.042950001,,,
0.205903774,,,
0.225195388,,,
0.912965346,,,
0.818117413,,,
1.996031336,,,
5.347843825,,,
7.079035091,,,
4.490312867,,,
6.519665602,,,
1.848070868,,,
0.171494583,,,
0.682205391,,,
1.141405864,,,
0.699213126,,,
0.406504258,,,
0.253400254,,,
0.136046664,,,
0.088416157,,,
0.055621408,,,
0.13925273,,,
0.162765117,,,
0.403184876,,,
2.207880918,,,
6.100876048,,,
5.160155664,,,
0.966151863,,,
0.466169805,,,
0.560109028,,,
2.276498813,,,
2.334322288,,,
8.301323009,,,
7.667682193,,,
3.243986652,,,
1.548199315,,,
1.189479014,,,
1.898307011,,,
0.601200006,,,
0.464484359,,,
0.369106568,,,
0.155392852,,,
0.127577504,,,
0.224742948,,,
0.211920161,,,
0.225794413,,,
0.098083313,,,
0.011683995,,,
0.027346906,,,
0.060437694,,,
0.001852987,,,
0.070526384,,,
0.066048869,,,
0.106079793,,,
0.062104562,,,
0.042501613,,,
0.008949986,,,
0.00503972,,,
0.059401443,,,
0.053016033,,,
0.108067992,,,
0.085037756,,,
0.114290856,,,
0.10701211,,,
0.0446096,,,
0.46721571,,,
0.915154408,,,
2.306059772,,,
1.492635494,,,
0.969421163,,,
3.473904444,,,
4.648616679,,,
4.892940162,,,
3.488193605,,,
4.657612914,,,
3.82227207,,,
2.172566755,,,
0.386574354,,,
1.812635985,,,
1.352020865,,,
4.745107995,,,
12.66996504,,,
4.15547122,,,
0.15772997,,,
0.057981591,,,
0.130656117,,,
0.037628008,,,
0.004703564,,,
0.147806134,,,
0.086472861,,,
0.068088093,,,
0.191686744,,,
0.109598855,,,
0.310648054,,,
1.079830874,,,
1.108816829,,,
3.565131216,,,
6.210552049,,,
3.627324425,,,
0.412365001,,,
0.19712198,,,
0.098466526,,,
0.074842151,,,
0.180421876,,,
0.178809654,,,
0.104757334,,,
0.019262026,,,
0.023150639,,,
0.091993346,,,
0.07316832,,,
0.129098819,,,
0.100221249,,,
0.150249927,,,
0.163862759,,,
0.151749579,,,
0.110281482,,,
0.198067361,,,
0.03166781,,,
0.075252621,,,
0.042510492,,,
0.045471958,,,
0.026564185,,,
0.113105659,,,
0.111561735,,,
0.004910054,,,
0.058645238,,,
0.038346526,,,
0.106457948,,,
0.01264318,,,
0.010251349,,,
0.052923694,,,
0.047553463,,,
0.007737417,,,
0.013251889,,,
0.07555353,,,
0.034188085,,,
0.037838868,,,
0.04325996,,,
0.025502164,,,
0.083678094,,,
0.068837642,,,
0.042360302,,,
0.066658271,,,
0.068350013,,,
0.082221409,,,
0.080670605,,,
0.079603054,,,
0.06111302,,,
0.028182136,,,
0.048964677,,,
0.027850086,,,
0.012636409,,,
0.135253131,,,
0.082475174,,,
0.086828521,,,
0.174136521,,,
0.145949683,,,
0.076099999,,,
0.073365677,,,
0.140564376,,,
0.115255744,,,
0.173669649,,,
0.11881909,,,
0.247115537,,,
0.248081452,,,
0.137268062,,,
0.114847276,,,
0.070960807,,,
0.075597798,,,
0.211998001,,,
0.735150777,,,
3.119355001,,,
11.57464639,,,
5.576898341,,,
0.635737642,,,
0.33734347,,,
0.218354787,,,
0.027636713,,,
0.082010991,,,
0.035754161,,,
0.009549957,,,
0.059097122,,,
0.126842059,,,
0.202865732,,,
4.170613143,,,
6.265513908,,,
0.668819771,,,
0.2576311,,,
0.531253097,,,
1.851576259,,,
7.310479709,,,
10.72370875,,,
11.22989308,,,
4.870012888,,,
1.253429252,,,
0.951940061,,,
0.748623294,,,
4.467962877,,,
2.436320247,,,
2.294683506,,,
0.80572035,,,
0.747325412,,,
0.303215266,,,
0.016173773,,,
0.13613486,,,
0.134375365,,,
0.131572383,,,
0.08502999,,,
0.087679463,,,
0.018852259,,,
0.003250209,,,
0.034831734,,,
0.027697462,,,
0.022235735,,,
0.049226575,,,
0.241878001,,,
0.334415278,,,
0.034637007,,,
,0.17,,
,0.17,,
,0.09,,
,0.19,,
,0.18,,
,0.15,,
,0.15,,
,0.14,,
,0.16,,
,0.25,,
,0.1,,
,0.11,,
,0.05,,
,0.06,,
,0.12,,
,0.07,,
,0.07,,
,0.1,,
,0.1,,
,0.03,,
,0.02,,
,0.02,,
,41.086,,
,41.064,,
,40.54,,
,41.324,,
,40.941,,
,40.566,,
,41.541,,
,42.185,,
,40.908,,
,42.273,,
,41.906,,
,39.921,,
,40.446,,
,42.52,,
,40.643,,
,40.342,,
,40.539,,
,40.972,,
,42.069,,
,42.354,,
,41.747,,
,41.493,,
,42.93,,
,42.891,,
,42.189,,
,42.289,,
,43.075,,
,42.592,,
,42.641,,
,42.324,,
,42.765,,
,41.727,,
,42.966,,
,41.927,,
,41.994,,
,42.939,,
,42.118,,
,41.74,,
,41.707,,
,41.743,,
,41.772,,
,42.16,,
,42.255,,
,41.248,,
,41.912,,
,41.991,,
,42.498,,
,41.802,,
,42.156,,
,42.093,,
,41.667,,
,40.929,,
,41.857,,
,41.447,,
,42.213,,
,41.955,,
,41.499,,
,41.419,,
,41.402,,
,41.688,,
,41.875,,
,42.379,,
,42.211,,
,41.823,,
,41.733,,
,41.086,,
,41.591,,
,42.09,,
,41.665,,
,41.061,,
,41.639,,
,41.541,,
,42.331,,
,41.885,,
,41.516,,
,41.552,,
,41.682,,
,39.84,,
,40.957,,
,41.73,,
,41.319,,
,41.849,,
,42.545,,
,41.923,,
,43.22,,
,42.736,,
,42.663,,
,43.029,,
,42.988,,
,41.707,,
,42.682,,
,42.357,,
,42.525,,
,43.266,,
,42.601,,
,42.344,,
,41.654,,
,42.869,,
,42.304,,
,42.377,,
,42.742,,
,42.188,,
,43.213,,
,42.111,,
,42.277,,
,42.954,,
,42.932,,
,42.255,,
,41.539,,
,42.744,,
,41.919,,
,42.087,,
,41.678,,
,41.921,,
,42.077,,
,41.704,,
,41.347,,
,40.771,,
,41.367,,
,,,
,,,
,,,
,,,
,,,
,,,
,,,
,,,
,,,
,,0.09,
,,0.03,
,,0.07,
,,0.14,
,,0.07,
,,0.03,
,,0.03,
,,0.04,
,,0.03,
,,0.03,
,,,
,,,
,,,
,,,
,,,
,,,
,,,
,,,
,,,
,,,
,,,0.25
,,,0.12
,,,0.019
,,,0.022
,,,0.025
,,,0.017
,,,0.016
,,,0.03
,,,4.53
,,,0.04584
,,,0.0439
,,,0.04577
,,,
,,,
,,,
,,,
,,,
,,,
,,,
,,,
,,,
,,,
,,,
